std_ws_invite_users+0001@glcptest.com,std_ws_invite_users+0001@glcptest.com,std_ws_invite_users+0001@glcptest.com,std_ws_invite_users+0001@glcptest.com,onrepmccs123
std_ws_invite_users+0002@glcptest.com,std_ws_invite_users+0002@glcptest.com,std_ws_invite_users+0002@glcptest.com,std_ws_invite_users+0002@glcptest.com,onrepmccs123
std_ws_invite_users+0003@glcptest.com,std_ws_invite_users+0003@glcptest.com,std_ws_invite_users+0003@glcptest.com,std_ws_invite_users+0003@glcptest.com,onrepmccs123
std_ws_invite_users+0004@glcptest.com,std_ws_invite_users+0004@glcptest.com,std_ws_invite_users+0004@glcptest.com,std_ws_invite_users+0004@glcptest.com,onrepmccs123
std_ws_invite_users+0005@glcptest.com,std_ws_invite_users+0005@glcptest.com,std_ws_invite_users+0005@glcptest.com,std_ws_invite_users+0005@glcptest.com,onrepmccs123
std_ws_invite_users+0006@glcptest.com,std_ws_invite_users+0006@glcptest.com,std_ws_invite_users+0006@glcptest.com,std_ws_invite_users+0006@glcptest.com,onrepmccs123
std_ws_invite_users+0007@glcptest.com,std_ws_invite_users+0007@glcptest.com,std_ws_invite_users+0007@glcptest.com,std_ws_invite_users+0007@glcptest.com,onrepmccs123
std_ws_invite_users+0008@glcptest.com,std_ws_invite_users+0008@glcptest.com,std_ws_invite_users+0008@glcptest.com,std_ws_invite_users+0008@glcptest.com,onrepmccs123
std_ws_invite_users+0009@glcptest.com,std_ws_invite_users+0009@glcptest.com,std_ws_invite_users+0009@glcptest.com,std_ws_invite_users+0009@glcptest.com,onrepmccs123
std_ws_invite_users+0010@glcptest.com,std_ws_invite_users+0010@glcptest.com,std_ws_invite_users+0010@glcptest.com,std_ws_invite_users+0010@glcptest.com,onrepmccs123
std_ws_invite_users+0011@glcptest.com,std_ws_invite_users+0011@glcptest.com,std_ws_invite_users+0011@glcptest.com,std_ws_invite_users+0011@glcptest.com,onrepmccs123
std_ws_invite_users+0012@glcptest.com,std_ws_invite_users+0012@glcptest.com,std_ws_invite_users+0012@glcptest.com,std_ws_invite_users+0012@glcptest.com,onrepmccs123
std_ws_invite_users+0013@glcptest.com,std_ws_invite_users+0013@glcptest.com,std_ws_invite_users+0013@glcptest.com,std_ws_invite_users+0013@glcptest.com,onrepmccs123
std_ws_invite_users+0014@glcptest.com,std_ws_invite_users+0014@glcptest.com,std_ws_invite_users+0014@glcptest.com,std_ws_invite_users+0014@glcptest.com,onrepmccs123
std_ws_invite_users+0015@glcptest.com,std_ws_invite_users+0015@glcptest.com,std_ws_invite_users+0015@glcptest.com,std_ws_invite_users+0015@glcptest.com,onrepmccs123
std_ws_invite_users+0016@glcptest.com,std_ws_invite_users+0016@glcptest.com,std_ws_invite_users+0016@glcptest.com,std_ws_invite_users+0016@glcptest.com,onrepmccs123
std_ws_invite_users+0017@glcptest.com,std_ws_invite_users+0017@glcptest.com,std_ws_invite_users+0017@glcptest.com,std_ws_invite_users+0017@glcptest.com,onrepmccs123
std_ws_invite_users+0018@glcptest.com,std_ws_invite_users+0018@glcptest.com,std_ws_invite_users+0018@glcptest.com,std_ws_invite_users+0018@glcptest.com,onrepmccs123
std_ws_invite_users+0019@glcptest.com,std_ws_invite_users+0019@glcptest.com,std_ws_invite_users+0019@glcptest.com,std_ws_invite_users+0019@glcptest.com,onrepmccs123
std_ws_invite_users+0020@glcptest.com,std_ws_invite_users+0020@glcptest.com,std_ws_invite_users+0020@glcptest.com,std_ws_invite_users+0020@glcptest.com,onrepmccs123
std_ws_invite_users+0021@glcptest.com,std_ws_invite_users+0021@glcptest.com,std_ws_invite_users+0021@glcptest.com,std_ws_invite_users+0021@glcptest.com,onrepmccs123
std_ws_invite_users+0022@glcptest.com,std_ws_invite_users+0022@glcptest.com,std_ws_invite_users+0022@glcptest.com,std_ws_invite_users+0022@glcptest.com,onrepmccs123
std_ws_invite_users+0023@glcptest.com,std_ws_invite_users+0023@glcptest.com,std_ws_invite_users+0023@glcptest.com,std_ws_invite_users+0023@glcptest.com,onrepmccs123
std_ws_invite_users+0024@glcptest.com,std_ws_invite_users+0024@glcptest.com,std_ws_invite_users+0024@glcptest.com,std_ws_invite_users+0024@glcptest.com,onrepmccs123
std_ws_invite_users+0025@glcptest.com,std_ws_invite_users+0025@glcptest.com,std_ws_invite_users+0025@glcptest.com,std_ws_invite_users+0025@glcptest.com,onrepmccs123
std_ws_system_tab_users+0001@glcptest.com,std_ws_system_tab_users+0001@glcptest.com,std_ws_system_tab_users+0001@glcptest.com,std_ws_system_tab_users+0001@glcptest.com,onrepmccs123
std_ws_system_tab_users+0002@glcptest.com,std_ws_system_tab_users+0002@glcptest.com,std_ws_system_tab_users+0002@glcptest.com,std_ws_system_tab_users+0002@glcptest.com,onrepmccs123
std_ws_system_tab_users+0003@glcptest.com,std_ws_system_tab_users+0003@glcptest.com,std_ws_system_tab_users+0003@glcptest.com,std_ws_system_tab_users+0003@glcptest.com,onrepmccs123
std_ws_system_tab_users+0004@glcptest.com,std_ws_system_tab_users+0004@glcptest.com,std_ws_system_tab_users+0004@glcptest.com,std_ws_system_tab_users+0004@glcptest.com,onrepmccs123
std_ws_system_tab_users+0005@glcptest.com,std_ws_system_tab_users+0005@glcptest.com,std_ws_system_tab_users+0005@glcptest.com,std_ws_system_tab_users+0005@glcptest.com,onrepmccs123
std_ws_system_tab_users+0006@glcptest.com,std_ws_system_tab_users+0006@glcptest.com,std_ws_system_tab_users+0006@glcptest.com,std_ws_system_tab_users+0006@glcptest.com,onrepmccs123
std_ws_system_tab_users+0007@glcptest.com,std_ws_system_tab_users+0007@glcptest.com,std_ws_system_tab_users+0007@glcptest.com,std_ws_system_tab_users+0007@glcptest.com,onrepmccs123
std_ws_system_tab_users+0008@glcptest.com,std_ws_system_tab_users+0008@glcptest.com,std_ws_system_tab_users+0008@glcptest.com,std_ws_system_tab_users+0008@glcptest.com,onrepmccs123
std_ws_system_tab_users+0009@glcptest.com,std_ws_system_tab_users+0009@glcptest.com,std_ws_system_tab_users+0009@glcptest.com,std_ws_system_tab_users+0009@glcptest.com,onrepmccs123
std_ws_system_tab_users+0010@glcptest.com,std_ws_system_tab_users+0010@glcptest.com,std_ws_system_tab_users+0010@glcptest.com,std_ws_system_tab_users+0010@glcptest.com,onrepmccs123
std_ws_system_tab_users+0011@glcptest.com,std_ws_system_tab_users+0011@glcptest.com,std_ws_system_tab_users+0011@glcptest.com,std_ws_system_tab_users+0011@glcptest.com,onrepmccs123
std_ws_system_tab_users+0012@glcptest.com,std_ws_system_tab_users+0012@glcptest.com,std_ws_system_tab_users+0012@glcptest.com,std_ws_system_tab_users+0012@glcptest.com,onrepmccs123
std_ws_system_tab_users+0013@glcptest.com,std_ws_system_tab_users+0013@glcptest.com,std_ws_system_tab_users+0013@glcptest.com,std_ws_system_tab_users+0013@glcptest.com,onrepmccs123
std_ws_system_tab_users+0014@glcptest.com,std_ws_system_tab_users+0014@glcptest.com,std_ws_system_tab_users+0014@glcptest.com,std_ws_system_tab_users+0014@glcptest.com,onrepmccs123
std_ws_system_tab_users+0015@glcptest.com,std_ws_system_tab_users+0015@glcptest.com,std_ws_system_tab_users+0015@glcptest.com,std_ws_system_tab_users+0015@glcptest.com,onrepmccs123
std_ws_system_tab_users+0016@glcptest.com,std_ws_system_tab_users+0016@glcptest.com,std_ws_system_tab_users+0016@glcptest.com,std_ws_system_tab_users+0016@glcptest.com,onrepmccs123
std_ws_system_tab_users+0017@glcptest.com,std_ws_system_tab_users+0017@glcptest.com,std_ws_system_tab_users+0017@glcptest.com,std_ws_system_tab_users+0017@glcptest.com,onrepmccs123
std_ws_system_tab_users+0018@glcptest.com,std_ws_system_tab_users+0018@glcptest.com,std_ws_system_tab_users+0018@glcptest.com,std_ws_system_tab_users+0018@glcptest.com,onrepmccs123
std_ws_system_tab_users+0019@glcptest.com,std_ws_system_tab_users+0019@glcptest.com,std_ws_system_tab_users+0019@glcptest.com,std_ws_system_tab_users+0019@glcptest.com,onrepmccs123
std_ws_system_tab_users+0020@glcptest.com,std_ws_system_tab_users+0020@glcptest.com,std_ws_system_tab_users+0020@glcptest.com,std_ws_system_tab_users+0020@glcptest.com,onrepmccs123
std_ws_system_tab_users+0021@glcptest.com,std_ws_system_tab_users+0021@glcptest.com,std_ws_system_tab_users+0021@glcptest.com,std_ws_system_tab_users+0021@glcptest.com,onrepmccs123
std_ws_system_tab_users+0022@glcptest.com,std_ws_system_tab_users+0022@glcptest.com,std_ws_system_tab_users+0022@glcptest.com,std_ws_system_tab_users+0022@glcptest.com,onrepmccs123
std_ws_system_tab_users+0023@glcptest.com,std_ws_system_tab_users+0023@glcptest.com,std_ws_system_tab_users+0023@glcptest.com,std_ws_system_tab_users+0023@glcptest.com,onrepmccs123
std_ws_system_tab_users+0024@glcptest.com,std_ws_system_tab_users+0024@glcptest.com,std_ws_system_tab_users+0024@glcptest.com,std_ws_system_tab_users+0024@glcptest.com,onrepmccs123
std_ws_system_tab_users+0025@glcptest.com,std_ws_system_tab_users+0025@glcptest.com,std_ws_system_tab_users+0025@glcptest.com,std_ws_system_tab_users+0025@glcptest.com,onrepmccs123
std_ws_login_logout+0001@glcptest.com,std_ws_login_logout+0001@glcptest.com,std_ws_login_logout+0001@glcptest.com,std_ws_login_logout+0001@glcptest.com,onrepmccs123
std_ws_login_logout+0002@glcptest.com,std_ws_login_logout+0002@glcptest.com,std_ws_login_logout+0002@glcptest.com,std_ws_login_logout+0002@glcptest.com,onrepmccs123
std_ws_login_logout+0003@glcptest.com,std_ws_login_logout+0003@glcptest.com,std_ws_login_logout+0003@glcptest.com,std_ws_login_logout+0003@glcptest.com,onrepmccs123
std_ws_login_logout+0004@glcptest.com,std_ws_login_logout+0004@glcptest.com,std_ws_login_logout+0004@glcptest.com,std_ws_login_logout+0004@glcptest.com,onrepmccs123
std_ws_login_logout+0005@glcptest.com,std_ws_login_logout+0005@glcptest.com,std_ws_login_logout+0005@glcptest.com,std_ws_login_logout+0005@glcptest.com,onrepmccs123
std_ws_login_logout+0006@glcptest.com,std_ws_login_logout+0006@glcptest.com,std_ws_login_logout+0006@glcptest.com,std_ws_login_logout+0006@glcptest.com,onrepmccs123
std_ws_login_logout+0007@glcptest.com,std_ws_login_logout+0007@glcptest.com,std_ws_login_logout+0007@glcptest.com,std_ws_login_logout+0007@glcptest.com,onrepmccs123
std_ws_login_logout+0008@glcptest.com,std_ws_login_logout+0008@glcptest.com,std_ws_login_logout+0008@glcptest.com,std_ws_login_logout+0008@glcptest.com,onrepmccs123
std_ws_login_logout+0009@glcptest.com,std_ws_login_logout+0009@glcptest.com,std_ws_login_logout+0009@glcptest.com,std_ws_login_logout+0009@glcptest.com,onrepmccs123
std_ws_login_logout+0010@glcptest.com,std_ws_login_logout+0010@glcptest.com,std_ws_login_logout+0010@glcptest.com,std_ws_login_logout+0010@glcptest.com,onrepmccs123
std_ws_login_logout+0011@glcptest.com,std_ws_login_logout+0011@glcptest.com,std_ws_login_logout+0011@glcptest.com,std_ws_login_logout+0011@glcptest.com,onrepmccs123
std_ws_login_logout+0012@glcptest.com,std_ws_login_logout+0012@glcptest.com,std_ws_login_logout+0012@glcptest.com,std_ws_login_logout+0012@glcptest.com,onrepmccs123
std_ws_login_logout+0013@glcptest.com,std_ws_login_logout+0013@glcptest.com,std_ws_login_logout+0013@glcptest.com,std_ws_login_logout+0013@glcptest.com,onrepmccs123
std_ws_login_logout+0014@glcptest.com,std_ws_login_logout+0014@glcptest.com,std_ws_login_logout+0014@glcptest.com,std_ws_login_logout+0014@glcptest.com,onrepmccs123
std_ws_login_logout+0015@glcptest.com,std_ws_login_logout+0015@glcptest.com,std_ws_login_logout+0015@glcptest.com,std_ws_login_logout+0015@glcptest.com,onrepmccs123
std_ws_login_logout+0016@glcptest.com,std_ws_login_logout+0016@glcptest.com,std_ws_login_logout+0016@glcptest.com,std_ws_login_logout+0016@glcptest.com,onrepmccs123
std_ws_login_logout+0017@glcptest.com,std_ws_login_logout+0017@glcptest.com,std_ws_login_logout+0017@glcptest.com,std_ws_login_logout+0017@glcptest.com,onrepmccs123
std_ws_login_logout+0018@glcptest.com,std_ws_login_logout+0018@glcptest.com,std_ws_login_logout+0018@glcptest.com,std_ws_login_logout+0018@glcptest.com,onrepmccs123
std_ws_login_logout+0019@glcptest.com,std_ws_login_logout+0019@glcptest.com,std_ws_login_logout+0019@glcptest.com,std_ws_login_logout+0019@glcptest.com,onrepmccs123
std_ws_login_logout+0020@glcptest.com,std_ws_login_logout+0020@glcptest.com,std_ws_login_logout+0020@glcptest.com,std_ws_login_logout+0020@glcptest.com,onrepmccs123
std_ws_login_logout+0021@glcptest.com,std_ws_login_logout+0021@glcptest.com,std_ws_login_logout+0021@glcptest.com,std_ws_login_logout+0021@glcptest.com,onrepmccs123
std_ws_login_logout+0022@glcptest.com,std_ws_login_logout+0022@glcptest.com,std_ws_login_logout+0022@glcptest.com,std_ws_login_logout+0022@glcptest.com,onrepmccs123
std_ws_login_logout+0023@glcptest.com,std_ws_login_logout+0023@glcptest.com,std_ws_login_logout+0023@glcptest.com,std_ws_login_logout+0023@glcptest.com,onrepmccs123
std_ws_login_logout+0024@glcptest.com,std_ws_login_logout+0024@glcptest.com,std_ws_login_logout+0024@glcptest.com,std_ws_login_logout+0024@glcptest.com,onrepmccs123
std_ws_login_logout+0025@glcptest.com,std_ws_login_logout+0025@glcptest.com,std_ws_login_logout+0025@glcptest.com,std_ws_login_logout+0025@glcptest.com,onrepmccs123
std_ws_auditlog_advanced_users+0001@glcptest.com,std_ws_auditlog_advanced_users+0001@glcptest.com,std_ws_auditlog_advanced_users+0001@glcptest.com,std_ws_auditlog_advanced_users+0001@glcptest.com,onrepmccs123
std_ws_auditlog_advanced_users+0002@glcptest.com,std_ws_auditlog_advanced_users+0002@glcptest.com,std_ws_auditlog_advanced_users+0002@glcptest.com,std_ws_auditlog_advanced_users+0002@glcptest.com,onrepmccs123
std_ws_auditlog_advanced_users+0003@glcptest.com,std_ws_auditlog_advanced_users+0003@glcptest.com,std_ws_auditlog_advanced_users+0003@glcptest.com,std_ws_auditlog_advanced_users+0003@glcptest.com,onrepmccs123
std_ws_auditlog_advanced_users+0004@glcptest.com,std_ws_auditlog_advanced_users+0004@glcptest.com,std_ws_auditlog_advanced_users+0004@glcptest.com,std_ws_auditlog_advanced_users+0004@glcptest.com,onrepmccs123
std_ws_auditlog_advanced_users+0005@glcptest.com,std_ws_auditlog_advanced_users+0005@glcptest.com,std_ws_auditlog_advanced_users+0005@glcptest.com,std_ws_auditlog_advanced_users+0005@glcptest.com,onrepmccs123
std_ws_auditlog_advanced_users+0006@glcptest.com,std_ws_auditlog_advanced_users+0006@glcptest.com,std_ws_auditlog_advanced_users+0006@glcptest.com,std_ws_auditlog_advanced_users+0006@glcptest.com,onrepmccs123
std_ws_auditlog_advanced_users+0007@glcptest.com,std_ws_auditlog_advanced_users+0007@glcptest.com,std_ws_auditlog_advanced_users+0007@glcptest.com,std_ws_auditlog_advanced_users+0007@glcptest.com,onrepmccs123
std_ws_auditlog_advanced_users+0008@glcptest.com,std_ws_auditlog_advanced_users+0008@glcptest.com,std_ws_auditlog_advanced_users+0008@glcptest.com,std_ws_auditlog_advanced_users+0008@glcptest.com,onrepmccs123
std_ws_auditlog_advanced_users+0009@glcptest.com,std_ws_auditlog_advanced_users+0009@glcptest.com,std_ws_auditlog_advanced_users+0009@glcptest.com,std_ws_auditlog_advanced_users+0009@glcptest.com,onrepmccs123
std_ws_auditlog_advanced_users+0010@glcptest.com,std_ws_auditlog_advanced_users+0010@glcptest.com,std_ws_auditlog_advanced_users+0010@glcptest.com,std_ws_auditlog_advanced_users+0010@glcptest.com,onrepmccs123
std_ws_auditlog_advanced_users+0011@glcptest.com,std_ws_auditlog_advanced_users+0011@glcptest.com,std_ws_auditlog_advanced_users+0011@glcptest.com,std_ws_auditlog_advanced_users+0011@glcptest.com,onrepmccs123
std_ws_auditlog_advanced_users+0012@glcptest.com,std_ws_auditlog_advanced_users+0012@glcptest.com,std_ws_auditlog_advanced_users+0012@glcptest.com,std_ws_auditlog_advanced_users+0012@glcptest.com,onrepmccs123
std_ws_auditlog_advanced_users+0013@glcptest.com,std_ws_auditlog_advanced_users+0013@glcptest.com,std_ws_auditlog_advanced_users+0013@glcptest.com,std_ws_auditlog_advanced_users+0013@glcptest.com,onrepmccs123
std_ws_auditlog_advanced_users+0014@glcptest.com,std_ws_auditlog_advanced_users+0014@glcptest.com,std_ws_auditlog_advanced_users+0014@glcptest.com,std_ws_auditlog_advanced_users+0014@glcptest.com,onrepmccs123
std_ws_auditlog_advanced_users+0015@glcptest.com,std_ws_auditlog_advanced_users+0015@glcptest.com,std_ws_auditlog_advanced_users+0015@glcptest.com,std_ws_auditlog_advanced_users+0015@glcptest.com,onrepmccs123
std_ws_auditlog_advanced_users+0016@glcptest.com,std_ws_auditlog_advanced_users+0016@glcptest.com,std_ws_auditlog_advanced_users+0016@glcptest.com,std_ws_auditlog_advanced_users+0016@glcptest.com,onrepmccs123
std_ws_auditlog_advanced_users+0017@glcptest.com,std_ws_auditlog_advanced_users+0017@glcptest.com,std_ws_auditlog_advanced_users+0017@glcptest.com,std_ws_auditlog_advanced_users+0017@glcptest.com,onrepmccs123
std_ws_auditlog_advanced_users+0018@glcptest.com,std_ws_auditlog_advanced_users+0018@glcptest.com,std_ws_auditlog_advanced_users+0018@glcptest.com,std_ws_auditlog_advanced_users+0018@glcptest.com,onrepmccs123
std_ws_auditlog_advanced_users+0019@glcptest.com,std_ws_auditlog_advanced_users+0019@glcptest.com,std_ws_auditlog_advanced_users+0019@glcptest.com,std_ws_auditlog_advanced_users+0019@glcptest.com,onrepmccs123
std_ws_auditlog_advanced_users+0020@glcptest.com,std_ws_auditlog_advanced_users+0020@glcptest.com,std_ws_auditlog_advanced_users+0020@glcptest.com,std_ws_auditlog_advanced_users+0020@glcptest.com,onrepmccs123
std_ws_auditlog_advanced_users+0021@glcptest.com,std_ws_auditlog_advanced_users+0021@glcptest.com,std_ws_auditlog_advanced_users+0021@glcptest.com,std_ws_auditlog_advanced_users+0021@glcptest.com,onrepmccs123
std_ws_auditlog_advanced_users+0022@glcptest.com,std_ws_auditlog_advanced_users+0022@glcptest.com,std_ws_auditlog_advanced_users+0022@glcptest.com,std_ws_auditlog_advanced_users+0022@glcptest.com,onrepmccs123
std_ws_auditlog_advanced_users+0023@glcptest.com,std_ws_auditlog_advanced_users+0023@glcptest.com,std_ws_auditlog_advanced_users+0023@glcptest.com,std_ws_auditlog_advanced_users+0023@glcptest.com,onrepmccs123
std_ws_auditlog_advanced_users+0024@glcptest.com,std_ws_auditlog_advanced_users+0024@glcptest.com,std_ws_auditlog_advanced_users+0024@glcptest.com,std_ws_auditlog_advanced_users+0024@glcptest.com,onrepmccs123
std_ws_auditlog_advanced_users+0025@glcptest.com,std_ws_auditlog_advanced_users+0025@glcptest.com,std_ws_auditlog_advanced_users+0025@glcptest.com,std_ws_auditlog_advanced_users+0025@glcptest.com,onrepmccs123
std_ws_auditlog_users+0001@glcptest.com,std_ws_auditlog_users+0001@glcptest.com,std_ws_auditlog_users+0001@glcptest.com,std_ws_auditlog_users+0001@glcptest.com,onrepmccs123
std_ws_auditlog_users+0002@glcptest.com,std_ws_auditlog_users+0002@glcptest.com,std_ws_auditlog_users+0002@glcptest.com,std_ws_auditlog_users+0002@glcptest.com,onrepmccs123
std_ws_auditlog_users+0003@glcptest.com,std_ws_auditlog_users+0003@glcptest.com,std_ws_auditlog_users+0003@glcptest.com,std_ws_auditlog_users+0003@glcptest.com,onrepmccs123
std_ws_auditlog_users+0004@glcptest.com,std_ws_auditlog_users+0004@glcptest.com,std_ws_auditlog_users+0004@glcptest.com,std_ws_auditlog_users+0004@glcptest.com,onrepmccs123
std_ws_auditlog_users+0005@glcptest.com,std_ws_auditlog_users+0005@glcptest.com,std_ws_auditlog_users+0005@glcptest.com,std_ws_auditlog_users+0005@glcptest.com,onrepmccs123
std_ws_auditlog_users+0006@glcptest.com,std_ws_auditlog_users+0006@glcptest.com,std_ws_auditlog_users+0006@glcptest.com,std_ws_auditlog_users+0006@glcptest.com,onrepmccs123
std_ws_auditlog_users+0007@glcptest.com,std_ws_auditlog_users+0007@glcptest.com,std_ws_auditlog_users+0007@glcptest.com,std_ws_auditlog_users+0007@glcptest.com,onrepmccs123
std_ws_auditlog_users+0008@glcptest.com,std_ws_auditlog_users+0008@glcptest.com,std_ws_auditlog_users+0008@glcptest.com,std_ws_auditlog_users+0008@glcptest.com,onrepmccs123
std_ws_auditlog_users+0009@glcptest.com,std_ws_auditlog_users+0009@glcptest.com,std_ws_auditlog_users+0009@glcptest.com,std_ws_auditlog_users+0009@glcptest.com,onrepmccs123
std_ws_auditlog_users+0010@glcptest.com,std_ws_auditlog_users+0010@glcptest.com,std_ws_auditlog_users+0010@glcptest.com,std_ws_auditlog_users+0010@glcptest.com,onrepmccs123
std_ws_auditlog_users+0011@glcptest.com,std_ws_auditlog_users+0011@glcptest.com,std_ws_auditlog_users+0011@glcptest.com,std_ws_auditlog_users+0011@glcptest.com,onrepmccs123
std_ws_auditlog_users+0012@glcptest.com,std_ws_auditlog_users+0012@glcptest.com,std_ws_auditlog_users+0012@glcptest.com,std_ws_auditlog_users+0012@glcptest.com,onrepmccs123
std_ws_auditlog_users+0013@glcptest.com,std_ws_auditlog_users+0013@glcptest.com,std_ws_auditlog_users+0013@glcptest.com,std_ws_auditlog_users+0013@glcptest.com,onrepmccs123
std_ws_auditlog_users+0014@glcptest.com,std_ws_auditlog_users+0014@glcptest.com,std_ws_auditlog_users+0014@glcptest.com,std_ws_auditlog_users+0014@glcptest.com,onrepmccs123
std_ws_auditlog_users+0015@glcptest.com,std_ws_auditlog_users+0015@glcptest.com,std_ws_auditlog_users+0015@glcptest.com,std_ws_auditlog_users+0015@glcptest.com,onrepmccs123
std_ws_auditlog_users+0016@glcptest.com,std_ws_auditlog_users+0016@glcptest.com,std_ws_auditlog_users+0016@glcptest.com,std_ws_auditlog_users+0016@glcptest.com,onrepmccs123
std_ws_auditlog_users+0017@glcptest.com,std_ws_auditlog_users+0017@glcptest.com,std_ws_auditlog_users+0017@glcptest.com,std_ws_auditlog_users+0017@glcptest.com,onrepmccs123
std_ws_auditlog_users+0018@glcptest.com,std_ws_auditlog_users+0018@glcptest.com,std_ws_auditlog_users+0018@glcptest.com,std_ws_auditlog_users+0018@glcptest.com,onrepmccs123
std_ws_auditlog_users+0019@glcptest.com,std_ws_auditlog_users+0019@glcptest.com,std_ws_auditlog_users+0019@glcptest.com,std_ws_auditlog_users+0019@glcptest.com,onrepmccs123
std_ws_auditlog_users+0020@glcptest.com,std_ws_auditlog_users+0020@glcptest.com,std_ws_auditlog_users+0020@glcptest.com,std_ws_auditlog_users+0020@glcptest.com,onrepmccs123
std_ws_auditlog_users+0021@glcptest.com,std_ws_auditlog_users+0021@glcptest.com,std_ws_auditlog_users+0021@glcptest.com,std_ws_auditlog_users+0021@glcptest.com,onrepmccs123
std_ws_auditlog_users+0022@glcptest.com,std_ws_auditlog_users+0022@glcptest.com,std_ws_auditlog_users+0022@glcptest.com,std_ws_auditlog_users+0022@glcptest.com,onrepmccs123
std_ws_auditlog_users+0023@glcptest.com,std_ws_auditlog_users+0023@glcptest.com,std_ws_auditlog_users+0023@glcptest.com,std_ws_auditlog_users+0023@glcptest.com,onrepmccs123
std_ws_auditlog_users+0024@glcptest.com,std_ws_auditlog_users+0024@glcptest.com,std_ws_auditlog_users+0024@glcptest.com,std_ws_auditlog_users+0024@glcptest.com,onrepmccs123
std_ws_auditlog_users+0025@glcptest.com,std_ws_auditlog_users+0025@glcptest.com,std_ws_auditlog_users+0025@glcptest.com,std_ws_auditlog_users+0025@glcptest.com,onrepmccs123
std_ws_custom_role_users+0001@glcptest.com,std_ws_custom_role_users+0001@glcptest.com,std_ws_custom_role_users+0001@glcptest.com,std_ws_custom_role_users+0001@glcptest.com,onrepmccs123
std_ws_custom_role_users+0002@glcptest.com,std_ws_custom_role_users+0002@glcptest.com,std_ws_custom_role_users+0002@glcptest.com,std_ws_custom_role_users+0002@glcptest.com,onrepmccs123
std_ws_custom_role_users+0003@glcptest.com,std_ws_custom_role_users+0003@glcptest.com,std_ws_custom_role_users+0003@glcptest.com,std_ws_custom_role_users+0003@glcptest.com,onrepmccs123
std_ws_custom_role_users+0004@glcptest.com,std_ws_custom_role_users+0004@glcptest.com,std_ws_custom_role_users+0004@glcptest.com,std_ws_custom_role_users+0004@glcptest.com,onrepmccs123
std_ws_custom_role_users+0005@glcptest.com,std_ws_custom_role_users+0005@glcptest.com,std_ws_custom_role_users+0005@glcptest.com,std_ws_custom_role_users+0005@glcptest.com,onrepmccs123
std_ws_custom_role_users+0006@glcptest.com,std_ws_custom_role_users+0006@glcptest.com,std_ws_custom_role_users+0006@glcptest.com,std_ws_custom_role_users+0006@glcptest.com,onrepmccs123
std_ws_custom_role_users+0007@glcptest.com,std_ws_custom_role_users+0007@glcptest.com,std_ws_custom_role_users+0007@glcptest.com,std_ws_custom_role_users+0007@glcptest.com,onrepmccs123
std_ws_custom_role_users+0008@glcptest.com,std_ws_custom_role_users+0008@glcptest.com,std_ws_custom_role_users+0008@glcptest.com,std_ws_custom_role_users+0008@glcptest.com,onrepmccs123
std_ws_custom_role_users+0009@glcptest.com,std_ws_custom_role_users+0009@glcptest.com,std_ws_custom_role_users+0009@glcptest.com,std_ws_custom_role_users+0009@glcptest.com,onrepmccs123
std_ws_custom_role_users+0010@glcptest.com,std_ws_custom_role_users+0010@glcptest.com,std_ws_custom_role_users+0010@glcptest.com,std_ws_custom_role_users+0010@glcptest.com,onrepmccs123
std_ws_custom_role_users+0011@glcptest.com,std_ws_custom_role_users+0011@glcptest.com,std_ws_custom_role_users+0011@glcptest.com,std_ws_custom_role_users+0011@glcptest.com,onrepmccs123
std_ws_custom_role_users+0012@glcptest.com,std_ws_custom_role_users+0012@glcptest.com,std_ws_custom_role_users+0012@glcptest.com,std_ws_custom_role_users+0012@glcptest.com,onrepmccs123
std_ws_custom_role_users+0013@glcptest.com,std_ws_custom_role_users+0013@glcptest.com,std_ws_custom_role_users+0013@glcptest.com,std_ws_custom_role_users+0013@glcptest.com,onrepmccs123
std_ws_custom_role_users+0014@glcptest.com,std_ws_custom_role_users+0014@glcptest.com,std_ws_custom_role_users+0014@glcptest.com,std_ws_custom_role_users+0014@glcptest.com,onrepmccs123
std_ws_custom_role_users+0015@glcptest.com,std_ws_custom_role_users+0015@glcptest.com,std_ws_custom_role_users+0015@glcptest.com,std_ws_custom_role_users+0015@glcptest.com,onrepmccs123
std_ws_custom_role_users+0016@glcptest.com,std_ws_custom_role_users+0016@glcptest.com,std_ws_custom_role_users+0016@glcptest.com,std_ws_custom_role_users+0016@glcptest.com,onrepmccs123
std_ws_custom_role_users+0017@glcptest.com,std_ws_custom_role_users+0017@glcptest.com,std_ws_custom_role_users+0017@glcptest.com,std_ws_custom_role_users+0017@glcptest.com,onrepmccs123
std_ws_custom_role_users+0018@glcptest.com,std_ws_custom_role_users+0018@glcptest.com,std_ws_custom_role_users+0018@glcptest.com,std_ws_custom_role_users+0018@glcptest.com,onrepmccs123
std_ws_custom_role_users+0019@glcptest.com,std_ws_custom_role_users+0019@glcptest.com,std_ws_custom_role_users+0019@glcptest.com,std_ws_custom_role_users+0019@glcptest.com,onrepmccs123
std_ws_custom_role_users+0020@glcptest.com,std_ws_custom_role_users+0020@glcptest.com,std_ws_custom_role_users+0020@glcptest.com,std_ws_custom_role_users+0020@glcptest.com,onrepmccs123
std_ws_custom_role_users+0021@glcptest.com,std_ws_custom_role_users+0021@glcptest.com,std_ws_custom_role_users+0021@glcptest.com,std_ws_custom_role_users+0021@glcptest.com,onrepmccs123
std_ws_custom_role_users+0022@glcptest.com,std_ws_custom_role_users+0022@glcptest.com,std_ws_custom_role_users+0022@glcptest.com,std_ws_custom_role_users+0022@glcptest.com,onrepmccs123
std_ws_custom_role_users+0023@glcptest.com,std_ws_custom_role_users+0023@glcptest.com,std_ws_custom_role_users+0023@glcptest.com,std_ws_custom_role_users+0023@glcptest.com,onrepmccs123
std_ws_custom_role_users+0024@glcptest.com,std_ws_custom_role_users+0024@glcptest.com,std_ws_custom_role_users+0024@glcptest.com,std_ws_custom_role_users+0024@glcptest.com,onrepmccs123
std_ws_custom_role_users+0025@glcptest.com,std_ws_custom_role_users+0025@glcptest.com,std_ws_custom_role_users+0025@glcptest.com,std_ws_custom_role_users+0025@glcptest.com,onrepmccs123
std_ws_authz_invite_users+0001@glcptest.com,std_ws_authz_invite_users+0001@glcptest.com,std_ws_authz_invite_users+0001@glcptest.com,std_ws_authz_invite_users+0001@glcptest.com,onrepmccs123
std_ws_authz_invite_users+0002@glcptest.com,std_ws_authz_invite_users+0002@glcptest.com,std_ws_authz_invite_users+0002@glcptest.com,std_ws_authz_invite_users+0002@glcptest.com,onrepmccs123
std_ws_authz_invite_users+0003@glcptest.com,std_ws_authz_invite_users+0003@glcptest.com,std_ws_authz_invite_users+0003@glcptest.com,std_ws_authz_invite_users+0003@glcptest.com,onrepmccs123
std_ws_authz_invite_users+0004@glcptest.com,std_ws_authz_invite_users+0004@glcptest.com,std_ws_authz_invite_users+0004@glcptest.com,std_ws_authz_invite_users+0004@glcptest.com,onrepmccs123
std_ws_authz_invite_users+0005@glcptest.com,std_ws_authz_invite_users+0005@glcptest.com,std_ws_authz_invite_users+0005@glcptest.com,std_ws_authz_invite_users+0005@glcptest.com,onrepmccs123
std_ws_authz_invite_users+0006@glcptest.com,std_ws_authz_invite_users+0006@glcptest.com,std_ws_authz_invite_users+0006@glcptest.com,std_ws_authz_invite_users+0006@glcptest.com,onrepmccs123
std_ws_authz_invite_users+0007@glcptest.com,std_ws_authz_invite_users+0007@glcptest.com,std_ws_authz_invite_users+0007@glcptest.com,std_ws_authz_invite_users+0007@glcptest.com,onrepmccs123
std_ws_authz_invite_users+0008@glcptest.com,std_ws_authz_invite_users+0008@glcptest.com,std_ws_authz_invite_users+0008@glcptest.com,std_ws_authz_invite_users+0008@glcptest.com,onrepmccs123
std_ws_authz_invite_users+0009@glcptest.com,std_ws_authz_invite_users+0009@glcptest.com,std_ws_authz_invite_users+0009@glcptest.com,std_ws_authz_invite_users+0009@glcptest.com,onrepmccs123
std_ws_authz_invite_users+0010@glcptest.com,std_ws_authz_invite_users+0010@glcptest.com,std_ws_authz_invite_users+0010@glcptest.com,std_ws_authz_invite_users+0010@glcptest.com,onrepmccs123
std_ws_authz_invite_users+0011@glcptest.com,std_ws_authz_invite_users+0011@glcptest.com,std_ws_authz_invite_users+0011@glcptest.com,std_ws_authz_invite_users+0011@glcptest.com,onrepmccs123
std_ws_authz_invite_users+0012@glcptest.com,std_ws_authz_invite_users+0012@glcptest.com,std_ws_authz_invite_users+0012@glcptest.com,std_ws_authz_invite_users+0012@glcptest.com,onrepmccs123
std_ws_authz_invite_users+0013@glcptest.com,std_ws_authz_invite_users+0013@glcptest.com,std_ws_authz_invite_users+0013@glcptest.com,std_ws_authz_invite_users+0013@glcptest.com,onrepmccs123
std_ws_authz_invite_users+0014@glcptest.com,std_ws_authz_invite_users+0014@glcptest.com,std_ws_authz_invite_users+0014@glcptest.com,std_ws_authz_invite_users+0014@glcptest.com,onrepmccs123
std_ws_authz_invite_users+0015@glcptest.com,std_ws_authz_invite_users+0015@glcptest.com,std_ws_authz_invite_users+0015@glcptest.com,std_ws_authz_invite_users+0015@glcptest.com,onrepmccs123
std_ws_authz_invite_users+0016@glcptest.com,std_ws_authz_invite_users+0016@glcptest.com,std_ws_authz_invite_users+0016@glcptest.com,std_ws_authz_invite_users+0016@glcptest.com,onrepmccs123
std_ws_authz_invite_users+0017@glcptest.com,std_ws_authz_invite_users+0017@glcptest.com,std_ws_authz_invite_users+0017@glcptest.com,std_ws_authz_invite_users+0017@glcptest.com,onrepmccs123
std_ws_authz_invite_users+0018@glcptest.com,std_ws_authz_invite_users+0018@glcptest.com,std_ws_authz_invite_users+0018@glcptest.com,std_ws_authz_invite_users+0018@glcptest.com,onrepmccs123
std_ws_authz_invite_users+0019@glcptest.com,std_ws_authz_invite_users+0019@glcptest.com,std_ws_authz_invite_users+0019@glcptest.com,std_ws_authz_invite_users+0019@glcptest.com,onrepmccs123
std_ws_authz_invite_users+0020@glcptest.com,std_ws_authz_invite_users+0020@glcptest.com,std_ws_authz_invite_users+0020@glcptest.com,std_ws_authz_invite_users+0020@glcptest.com,onrepmccs123
std_ws_authz_invite_users+0021@glcptest.com,std_ws_authz_invite_users+0021@glcptest.com,std_ws_authz_invite_users+0021@glcptest.com,std_ws_authz_invite_users+0021@glcptest.com,onrepmccs123
std_ws_authz_invite_users+0022@glcptest.com,std_ws_authz_invite_users+0022@glcptest.com,std_ws_authz_invite_users+0022@glcptest.com,std_ws_authz_invite_users+0022@glcptest.com,onrepmccs123
std_ws_authz_invite_users+0023@glcptest.com,std_ws_authz_invite_users+0023@glcptest.com,std_ws_authz_invite_users+0023@glcptest.com,std_ws_authz_invite_users+0023@glcptest.com,onrepmccs123
std_ws_authz_invite_users+0024@glcptest.com,std_ws_authz_invite_users+0024@glcptest.com,std_ws_authz_invite_users+0024@glcptest.com,std_ws_authz_invite_users+0024@glcptest.com,onrepmccs123
std_ws_authz_invite_users+0025@glcptest.com,std_ws_authz_invite_users+0025@glcptest.com,std_ws_authz_invite_users+0025@glcptest.com,std_ws_authz_invite_users+0025@glcptest.com,onrepmccs123
std_ws_assign_role_users+0001@glcptest.com,std_ws_assign_role_users+0001@glcptest.com,std_ws_assign_role_users+0001@glcptest.com,std_ws_assign_role_users+0001@glcptest.com,onrepmccs123
std_ws_assign_role_users+0002@glcptest.com,std_ws_assign_role_users+0002@glcptest.com,std_ws_assign_role_users+0002@glcptest.com,std_ws_assign_role_users+0002@glcptest.com,onrepmccs123
std_ws_assign_role_users+0003@glcptest.com,std_ws_assign_role_users+0003@glcptest.com,std_ws_assign_role_users+0003@glcptest.com,std_ws_assign_role_users+0003@glcptest.com,onrepmccs123
std_ws_assign_role_users+0004@glcptest.com,std_ws_assign_role_users+0004@glcptest.com,std_ws_assign_role_users+0004@glcptest.com,std_ws_assign_role_users+0004@glcptest.com,onrepmccs123
std_ws_assign_role_users+0005@glcptest.com,std_ws_assign_role_users+0005@glcptest.com,std_ws_assign_role_users+0005@glcptest.com,std_ws_assign_role_users+0005@glcptest.com,onrepmccs123
std_ws_assign_role_users+0006@glcptest.com,std_ws_assign_role_users+0006@glcptest.com,std_ws_assign_role_users+0006@glcptest.com,std_ws_assign_role_users+0006@glcptest.com,onrepmccs123
std_ws_assign_role_users+0007@glcptest.com,std_ws_assign_role_users+0007@glcptest.com,std_ws_assign_role_users+0007@glcptest.com,std_ws_assign_role_users+0007@glcptest.com,onrepmccs123
std_ws_assign_role_users+0008@glcptest.com,std_ws_assign_role_users+0008@glcptest.com,std_ws_assign_role_users+0008@glcptest.com,std_ws_assign_role_users+0008@glcptest.com,onrepmccs123
std_ws_assign_role_users+0009@glcptest.com,std_ws_assign_role_users+0009@glcptest.com,std_ws_assign_role_users+0009@glcptest.com,std_ws_assign_role_users+0009@glcptest.com,onrepmccs123
std_ws_assign_role_users+0010@glcptest.com,std_ws_assign_role_users+0010@glcptest.com,std_ws_assign_role_users+0010@glcptest.com,std_ws_assign_role_users+0010@glcptest.com,onrepmccs123
std_ws_assign_role_users+0011@glcptest.com,std_ws_assign_role_users+0011@glcptest.com,std_ws_assign_role_users+0011@glcptest.com,std_ws_assign_role_users+0011@glcptest.com,onrepmccs123
std_ws_assign_role_users+0012@glcptest.com,std_ws_assign_role_users+0012@glcptest.com,std_ws_assign_role_users+0012@glcptest.com,std_ws_assign_role_users+0012@glcptest.com,onrepmccs123
std_ws_assign_role_users+0013@glcptest.com,std_ws_assign_role_users+0013@glcptest.com,std_ws_assign_role_users+0013@glcptest.com,std_ws_assign_role_users+0013@glcptest.com,onrepmccs123
std_ws_assign_role_users+0014@glcptest.com,std_ws_assign_role_users+0014@glcptest.com,std_ws_assign_role_users+0014@glcptest.com,std_ws_assign_role_users+0014@glcptest.com,onrepmccs123
std_ws_assign_role_users+0015@glcptest.com,std_ws_assign_role_users+0015@glcptest.com,std_ws_assign_role_users+0015@glcptest.com,std_ws_assign_role_users+0015@glcptest.com,onrepmccs123
std_ws_assign_role_users+0016@glcptest.com,std_ws_assign_role_users+0016@glcptest.com,std_ws_assign_role_users+0016@glcptest.com,std_ws_assign_role_users+0016@glcptest.com,onrepmccs123
std_ws_assign_role_users+0017@glcptest.com,std_ws_assign_role_users+0017@glcptest.com,std_ws_assign_role_users+0017@glcptest.com,std_ws_assign_role_users+0017@glcptest.com,onrepmccs123
std_ws_assign_role_users+0018@glcptest.com,std_ws_assign_role_users+0018@glcptest.com,std_ws_assign_role_users+0018@glcptest.com,std_ws_assign_role_users+0018@glcptest.com,onrepmccs123
std_ws_assign_role_users+0019@glcptest.com,std_ws_assign_role_users+0019@glcptest.com,std_ws_assign_role_users+0019@glcptest.com,std_ws_assign_role_users+0019@glcptest.com,onrepmccs123
std_ws_assign_role_users+0020@glcptest.com,std_ws_assign_role_users+0020@glcptest.com,std_ws_assign_role_users+0020@glcptest.com,std_ws_assign_role_users+0020@glcptest.com,onrepmccs123
std_ws_assign_role_users+0021@glcptest.com,std_ws_assign_role_users+0021@glcptest.com,std_ws_assign_role_users+0021@glcptest.com,std_ws_assign_role_users+0021@glcptest.com,onrepmccs123
std_ws_assign_role_users+0022@glcptest.com,std_ws_assign_role_users+0022@glcptest.com,std_ws_assign_role_users+0022@glcptest.com,std_ws_assign_role_users+0022@glcptest.com,onrepmccs123
std_ws_assign_role_users+0023@glcptest.com,std_ws_assign_role_users+0023@glcptest.com,std_ws_assign_role_users+0023@glcptest.com,std_ws_assign_role_users+0023@glcptest.com,onrepmccs123
std_ws_assign_role_users+0024@glcptest.com,std_ws_assign_role_users+0024@glcptest.com,std_ws_assign_role_users+0024@glcptest.com,std_ws_assign_role_users+0024@glcptest.com,onrepmccs123
std_ws_assign_role_users+0025@glcptest.com,std_ws_assign_role_users+0025@glcptest.com,std_ws_assign_role_users+0025@glcptest.com,std_ws_assign_role_users+0025@glcptest.com,onrepmccs123
testuser_sanitycheck+0001@glcptest.com,testuser_sanitycheck+0001@glcptest.com,testuser_sanitycheck+0001@glcptest.com,testuser_sanitycheck+0001@glcptest.com,onrepmccs123
testuser_sanitycheck+0002@glcptest.com,testuser_sanitycheck+0002@glcptest.com,testuser_sanitycheck+0002@glcptest.com,testuser_sanitycheck+0002@glcptest.com,onrepmccs123
testuser_sanitycheck+0003@glcptest.com,testuser_sanitycheck+0003@glcptest.com,testuser_sanitycheck+0003@glcptest.com,testuser_sanitycheck+0003@glcptest.com,onrepmccs123
testuser_sanitycheck+0004@glcptest.com,testuser_sanitycheck+0004@glcptest.com,testuser_sanitycheck+0004@glcptest.com,testuser_sanitycheck+0004@glcptest.com,onrepmccs123
testuser_sanitycheck+0005@glcptest.com,testuser_sanitycheck+0005@glcptest.com,testuser_sanitycheck+0005@glcptest.com,testuser_sanitycheck+0005@glcptest.com,onrepmccs123
testuser_sanitycheck+0006@glcptest.com,testuser_sanitycheck+0006@glcptest.com,testuser_sanitycheck+0006@glcptest.com,testuser_sanitycheck+0006@glcptest.com,onrepmccs123
testuser_sanitycheck+0007@glcptest.com,testuser_sanitycheck+0007@glcptest.com,testuser_sanitycheck+0007@glcptest.com,testuser_sanitycheck+0007@glcptest.com,onrepmccs123
testuser_sanitycheck+0008@glcptest.com,testuser_sanitycheck+0008@glcptest.com,testuser_sanitycheck+0008@glcptest.com,testuser_sanitycheck+0008@glcptest.com,onrepmccs123
testuser_sanitycheck+0009@glcptest.com,testuser_sanitycheck+0009@glcptest.com,testuser_sanitycheck+0009@glcptest.com,testuser_sanitycheck+0009@glcptest.com,onrepmccs123
testuser_sanitycheck+0010@glcptest.com,testuser_sanitycheck+0010@glcptest.com,testuser_sanitycheck+0010@glcptest.com,testuser_sanitycheck+0010@glcptest.com,onrepmccs123
testuser_sanitycheck+0011@glcptest.com,testuser_sanitycheck+0011@glcptest.com,testuser_sanitycheck+0011@glcptest.com,testuser_sanitycheck+0011@glcptest.com,onrepmccs123
testuser_sanitycheck+0012@glcptest.com,testuser_sanitycheck+0012@glcptest.com,testuser_sanitycheck+0012@glcptest.com,testuser_sanitycheck+0012@glcptest.com,onrepmccs123
testuser_sanitycheck+0013@glcptest.com,testuser_sanitycheck+0013@glcptest.com,testuser_sanitycheck+0013@glcptest.com,testuser_sanitycheck+0013@glcptest.com,onrepmccs123
testuser_sanitycheck+0014@glcptest.com,testuser_sanitycheck+0014@glcptest.com,testuser_sanitycheck+0014@glcptest.com,testuser_sanitycheck+0014@glcptest.com,onrepmccs123
testuser_sanitycheck+0015@glcptest.com,testuser_sanitycheck+0015@glcptest.com,testuser_sanitycheck+0015@glcptest.com,testuser_sanitycheck+0015@glcptest.com,onrepmccs123
testuser_sanitycheck+0016@glcptest.com,testuser_sanitycheck+0016@glcptest.com,testuser_sanitycheck+0016@glcptest.com,testuser_sanitycheck+0016@glcptest.com,onrepmccs123
testuser_sanitycheck+0017@glcptest.com,testuser_sanitycheck+0017@glcptest.com,testuser_sanitycheck+0017@glcptest.com,testuser_sanitycheck+0017@glcptest.com,onrepmccs123
testuser_sanitycheck+0018@glcptest.com,testuser_sanitycheck+0018@glcptest.com,testuser_sanitycheck+0018@glcptest.com,testuser_sanitycheck+0018@glcptest.com,onrepmccs123
testuser_sanitycheck+0019@glcptest.com,testuser_sanitycheck+0019@glcptest.com,testuser_sanitycheck+0019@glcptest.com,testuser_sanitycheck+0019@glcptest.com,onrepmccs123
testuser_sanitycheck+0020@glcptest.com,testuser_sanitycheck+0020@glcptest.com,testuser_sanitycheck+0020@glcptest.com,testuser_sanitycheck+0020@glcptest.com,onrepmccs123
testuser_sanitycheck+0021@glcptest.com,testuser_sanitycheck+0021@glcptest.com,testuser_sanitycheck+0021@glcptest.com,testuser_sanitycheck+0021@glcptest.com,onrepmccs123
testuser_sanitycheck+0022@glcptest.com,testuser_sanitycheck+0022@glcptest.com,testuser_sanitycheck+0022@glcptest.com,testuser_sanitycheck+0022@glcptest.com,onrepmccs123
testuser_sanitycheck+0023@glcptest.com,testuser_sanitycheck+0023@glcptest.com,testuser_sanitycheck+0023@glcptest.com,testuser_sanitycheck+0023@glcptest.com,onrepmccs123
testuser_sanitycheck+0024@glcptest.com,testuser_sanitycheck+0024@glcptest.com,testuser_sanitycheck+0024@glcptest.com,testuser_sanitycheck+0024@glcptest.com,onrepmccs123
testuser_sanitycheck+0025@glcptest.com,testuser_sanitycheck+0025@glcptest.com,testuser_sanitycheck+0025@glcptest.com,testuser_sanitycheck+0025@glcptest.com,onrepmccs123
msp_sanitycheck+0001@glcptest.com,msp_sanitycheck+0001@glcptest.com,msp_sanitycheck+0001@glcptest.com,msp_sanitycheck+0001@glcptest.com,onrepmccs123
msp_sanitycheck+0002@glcptest.com,msp_sanitycheck+0002@glcptest.com,msp_sanitycheck+0002@glcptest.com,msp_sanitycheck+0002@glcptest.com,onrepmccs123
msp_sanitycheck+0003@glcptest.com,msp_sanitycheck+0003@glcptest.com,msp_sanitycheck+0003@glcptest.com,msp_sanitycheck+0003@glcptest.com,onrepmccs123
msp_sanitycheck+0004@glcptest.com,msp_sanitycheck+0004@glcptest.com,msp_sanitycheck+0004@glcptest.com,msp_sanitycheck+0004@glcptest.com,onrepmccs123
msp_sanitycheck+0005@glcptest.com,msp_sanitycheck+0005@glcptest.com,msp_sanitycheck+0005@glcptest.com,msp_sanitycheck+0005@glcptest.com,onrepmccs123
msp_sanitycheck+0006@glcptest.com,msp_sanitycheck+0006@glcptest.com,msp_sanitycheck+0006@glcptest.com,msp_sanitycheck+0006@glcptest.com,onrepmccs123
msp_sanitycheck+0007@glcptest.com,msp_sanitycheck+0007@glcptest.com,msp_sanitycheck+0007@glcptest.com,msp_sanitycheck+0007@glcptest.com,onrepmccs123
msp_sanitycheck+0008@glcptest.com,msp_sanitycheck+0008@glcptest.com,msp_sanitycheck+0008@glcptest.com,msp_sanitycheck+0008@glcptest.com,onrepmccs123
msp_sanitycheck+0009@glcptest.com,msp_sanitycheck+0009@glcptest.com,msp_sanitycheck+0009@glcptest.com,msp_sanitycheck+0009@glcptest.com,onrepmccs123
msp_sanitycheck+0010@glcptest.com,msp_sanitycheck+0010@glcptest.com,msp_sanitycheck+0010@glcptest.com,msp_sanitycheck+0010@glcptest.com,onrepmccs123
mspuser_tenant_invite+0001@glcptest.com,mspuser_tenant_invite+0001@glcptest.com,mspuser_tenant_invite+0001@glcptest.com,mspuser_tenant_invite+0001@glcptest.com,onrepmccs123
mspuser_tenant_invite+0002@glcptest.com,mspuser_tenant_invite+0002@glcptest.com,mspuser_tenant_invite+0002@glcptest.com,mspuser_tenant_invite+0002@glcptest.com,onrepmccs123
mspuser_tenant_invite+0003@glcptest.com,mspuser_tenant_invite+0003@glcptest.com,mspuser_tenant_invite+0003@glcptest.com,mspuser_tenant_invite+0003@glcptest.com,onrepmccs123
mspuser_tenant_invite+0004@glcptest.com,mspuser_tenant_invite+0004@glcptest.com,mspuser_tenant_invite+0004@glcptest.com,mspuser_tenant_invite+0004@glcptest.com,onrepmccs123
mspuser_tenant_invite+0005@glcptest.com,mspuser_tenant_invite+0005@glcptest.com,mspuser_tenant_invite+0005@glcptest.com,mspuser_tenant_invite+0005@glcptest.com,onrepmccs123
mspuser_tenant_invite+0006@glcptest.com,mspuser_tenant_invite+0006@glcptest.com,mspuser_tenant_invite+0006@glcptest.com,mspuser_tenant_invite+0006@glcptest.com,onrepmccs123
mspuser_tenant_invite+0007@glcptest.com,mspuser_tenant_invite+0007@glcptest.com,mspuser_tenant_invite+0007@glcptest.com,mspuser_tenant_invite+0007@glcptest.com,onrepmccs123
mspuser_tenant_invite+0008@glcptest.com,mspuser_tenant_invite+0008@glcptest.com,mspuser_tenant_invite+0008@glcptest.com,mspuser_tenant_invite+0008@glcptest.com,onrepmccs123
mspuser_tenant_invite+0009@glcptest.com,mspuser_tenant_invite+0009@glcptest.com,mspuser_tenant_invite+0009@glcptest.com,mspuser_tenant_invite+0009@glcptest.com,onrepmccs123
mspuser_tenant_invite+0010@glcptest.com,mspuser_tenant_invite+0010@glcptest.com,mspuser_tenant_invite+0010@glcptest.com,mspuser_tenant_invite+0010@glcptest.com,onrepmccs123
mspuser_tenant_invite+0011@glcptest.com,mspuser_tenant_invite+0011@glcptest.com,mspuser_tenant_invite+0011@glcptest.com,mspuser_tenant_invite+0011@glcptest.com,onrepmccs123
mspuser_tenant_invite+0012@glcptest.com,mspuser_tenant_invite+0012@glcptest.com,mspuser_tenant_invite+0012@glcptest.com,mspuser_tenant_invite+0012@glcptest.com,onrepmccs123
mspuser_tenant_invite+0013@glcptest.com,mspuser_tenant_invite+0013@glcptest.com,mspuser_tenant_invite+0013@glcptest.com,mspuser_tenant_invite+0013@glcptest.com,onrepmccs123
mspuser_tenant_invite+0014@glcptest.com,mspuser_tenant_invite+0014@glcptest.com,mspuser_tenant_invite+0014@glcptest.com,mspuser_tenant_invite+0014@glcptest.com,onrepmccs123
mspuser_tenant_invite+0015@glcptest.com,mspuser_tenant_invite+0015@glcptest.com,mspuser_tenant_invite+0015@glcptest.com,mspuser_tenant_invite+0015@glcptest.com,onrepmccs123
mspuser_tenant_invite+0016@glcptest.com,mspuser_tenant_invite+0016@glcptest.com,mspuser_tenant_invite+0016@glcptest.com,mspuser_tenant_invite+0016@glcptest.com,onrepmccs123
mspuser_tenant_invite+0017@glcptest.com,mspuser_tenant_invite+0017@glcptest.com,mspuser_tenant_invite+0017@glcptest.com,mspuser_tenant_invite+0017@glcptest.com,onrepmccs123
mspuser_tenant_invite+0018@glcptest.com,mspuser_tenant_invite+0018@glcptest.com,mspuser_tenant_invite+0018@glcptest.com,mspuser_tenant_invite+0018@glcptest.com,onrepmccs123
mspuser_tenant_invite+0019@glcptest.com,mspuser_tenant_invite+0019@glcptest.com,mspuser_tenant_invite+0019@glcptest.com,mspuser_tenant_invite+0019@glcptest.com,onrepmccs123
mspuser_tenant_invite+0020@glcptest.com,mspuser_tenant_invite+0020@glcptest.com,mspuser_tenant_invite+0020@glcptest.com,mspuser_tenant_invite+0020@glcptest.com,onrepmccs123
mspuser_tenant_invite+0021@glcptest.com,mspuser_tenant_invite+0021@glcptest.com,mspuser_tenant_invite+0021@glcptest.com,mspuser_tenant_invite+0021@glcptest.com,onrepmccs123
mspuser_tenant_invite+0022@glcptest.com,mspuser_tenant_invite+0022@glcptest.com,mspuser_tenant_invite+0022@glcptest.com,mspuser_tenant_invite+0022@glcptest.com,onrepmccs123
mspuser_tenant_invite+0023@glcptest.com,mspuser_tenant_invite+0023@glcptest.com,mspuser_tenant_invite+0023@glcptest.com,mspuser_tenant_invite+0023@glcptest.com,onrepmccs123
mspuser_tenant_invite+0024@glcptest.com,mspuser_tenant_invite+0024@glcptest.com,mspuser_tenant_invite+0024@glcptest.com,mspuser_tenant_invite+0024@glcptest.com,onrepmccs123
mspuser_tenant_invite+0025@glcptest.com,mspuser_tenant_invite+0025@glcptest.com,mspuser_tenant_invite+0025@glcptest.com,mspuser_tenant_invite+0025@glcptest.com,onrepmccs123
mspinvite_user+0001@glcptest.com,mspinvite_user+0001@glcptest.com,mspinvite_user+0001@glcptest.com,mspinvite_user+0001@glcptest.com,onrepmccs123
mspinvite_user+0002@glcptest.com,mspinvite_user+0002@glcptest.com,mspinvite_user+0002@glcptest.com,mspinvite_user+0002@glcptest.com,onrepmccs123
mspinvite_user+0003@glcptest.com,mspinvite_user+0003@glcptest.com,mspinvite_user+0003@glcptest.com,mspinvite_user+0003@glcptest.com,onrepmccs123
mspinvite_user+0004@glcptest.com,mspinvite_user+0004@glcptest.com,mspinvite_user+0004@glcptest.com,mspinvite_user+0004@glcptest.com,onrepmccs123
mspinvite_user+0005@glcptest.com,mspinvite_user+0005@glcptest.com,mspinvite_user+0005@glcptest.com,mspinvite_user+0005@glcptest.com,onrepmccs123
mspinvite_user+0006@glcptest.com,mspinvite_user+0006@glcptest.com,mspinvite_user+0006@glcptest.com,mspinvite_user+0006@glcptest.com,onrepmccs123
mspinvite_user+0007@glcptest.com,mspinvite_user+0007@glcptest.com,mspinvite_user+0007@glcptest.com,mspinvite_user+0007@glcptest.com,onrepmccs123
mspinvite_user+0008@glcptest.com,mspinvite_user+0008@glcptest.com,mspinvite_user+0008@glcptest.com,mspinvite_user+0008@glcptest.com,onrepmccs123
mspinvite_user+0009@glcptest.com,mspinvite_user+0009@glcptest.com,mspinvite_user+0009@glcptest.com,mspinvite_user+0009@glcptest.com,onrepmccs123
mspinvite_user+0010@glcptest.com,mspinvite_user+0010@glcptest.com,mspinvite_user+0010@glcptest.com,mspinvite_user+0010@glcptest.com,onrepmccs123
mspinvite_user+0011@glcptest.com,mspinvite_user+0011@glcptest.com,mspinvite_user+0011@glcptest.com,mspinvite_user+0011@glcptest.com,onrepmccs123
mspinvite_user+0012@glcptest.com,mspinvite_user+0012@glcptest.com,mspinvite_user+0012@glcptest.com,mspinvite_user+0012@glcptest.com,onrepmccs123
mspinvite_user+0013@glcptest.com,mspinvite_user+0013@glcptest.com,mspinvite_user+0013@glcptest.com,mspinvite_user+0013@glcptest.com,onrepmccs123
mspinvite_user+0014@glcptest.com,mspinvite_user+0014@glcptest.com,mspinvite_user+0014@glcptest.com,mspinvite_user+0014@glcptest.com,onrepmccs123
mspinvite_user+0015@glcptest.com,mspinvite_user+0015@glcptest.com,mspinvite_user+0015@glcptest.com,mspinvite_user+0015@glcptest.com,onrepmccs123
mspinvite_user+0016@glcptest.com,mspinvite_user+0016@glcptest.com,mspinvite_user+0016@glcptest.com,mspinvite_user+0016@glcptest.com,onrepmccs123
mspinvite_user+0017@glcptest.com,mspinvite_user+0017@glcptest.com,mspinvite_user+0017@glcptest.com,mspinvite_user+0017@glcptest.com,onrepmccs123
mspinvite_user+0018@glcptest.com,mspinvite_user+0018@glcptest.com,mspinvite_user+0018@glcptest.com,mspinvite_user+0018@glcptest.com,onrepmccs123
mspinvite_user+0019@glcptest.com,mspinvite_user+0019@glcptest.com,mspinvite_user+0019@glcptest.com,mspinvite_user+0019@glcptest.com,onrepmccs123
mspinvite_user+0020@glcptest.com,mspinvite_user+0020@glcptest.com,mspinvite_user+0020@glcptest.com,mspinvite_user+0020@glcptest.com,onrepmccs123
mspinvite_user+0021@glcptest.com,mspinvite_user+0021@glcptest.com,mspinvite_user+0021@glcptest.com,mspinvite_user+0021@glcptest.com,onrepmccs123
mspinvite_user+0022@glcptest.com,mspinvite_user+0022@glcptest.com,mspinvite_user+0022@glcptest.com,mspinvite_user+0022@glcptest.com,onrepmccs123
mspinvite_user+0023@glcptest.com,mspinvite_user+0023@glcptest.com,mspinvite_user+0023@glcptest.com,mspinvite_user+0023@glcptest.com,onrepmccs123
mspinvite_user+0024@glcptest.com,mspinvite_user+0024@glcptest.com,mspinvite_user+0024@glcptest.com,mspinvite_user+0024@glcptest.com,onrepmccs123
mspinvite_user+0025@glcptest.com,mspinvite_user+0025@glcptest.com,mspinvite_user+0025@glcptest.com,mspinvite_user+0025@glcptest.com,onrepmccs123
mspuser_custom_role+0001@glcptest.com,mspuser_custom_role+0001@glcptest.com,mspuser_custom_role+0001@glcptest.com,mspuser_custom_role+0001@glcptest.com,onrepmccs123
mspuser_custom_role+0002@glcptest.com,mspuser_custom_role+0002@glcptest.com,mspuser_custom_role+0002@glcptest.com,mspuser_custom_role+0002@glcptest.com,onrepmccs123
mspuser_custom_role+0003@glcptest.com,mspuser_custom_role+0003@glcptest.com,mspuser_custom_role+0003@glcptest.com,mspuser_custom_role+0003@glcptest.com,onrepmccs123
mspuser_custom_role+0004@glcptest.com,mspuser_custom_role+0004@glcptest.com,mspuser_custom_role+0004@glcptest.com,mspuser_custom_role+0004@glcptest.com,onrepmccs123
mspuser_custom_role+0005@glcptest.com,mspuser_custom_role+0005@glcptest.com,mspuser_custom_role+0005@glcptest.com,mspuser_custom_role+0005@glcptest.com,onrepmccs123
mspuser_custom_role+0006@glcptest.com,mspuser_custom_role+0006@glcptest.com,mspuser_custom_role+0006@glcptest.com,mspuser_custom_role+0006@glcptest.com,onrepmccs123
mspuser_custom_role+0007@glcptest.com,mspuser_custom_role+0007@glcptest.com,mspuser_custom_role+0007@glcptest.com,mspuser_custom_role+0007@glcptest.com,onrepmccs123
mspuser_custom_role+0008@glcptest.com,mspuser_custom_role+0008@glcptest.com,mspuser_custom_role+0008@glcptest.com,mspuser_custom_role+0008@glcptest.com,onrepmccs123
mspuser_custom_role+0009@glcptest.com,mspuser_custom_role+0009@glcptest.com,mspuser_custom_role+0009@glcptest.com,mspuser_custom_role+0009@glcptest.com,onrepmccs123
mspuser_custom_role+0010@glcptest.com,mspuser_custom_role+0010@glcptest.com,mspuser_custom_role+0010@glcptest.com,mspuser_custom_role+0010@glcptest.com,onrepmccs123
mspuser_custom_role+0011@glcptest.com,mspuser_custom_role+0011@glcptest.com,mspuser_custom_role+0011@glcptest.com,mspuser_custom_role+0011@glcptest.com,onrepmccs123
mspuser_custom_role+0012@glcptest.com,mspuser_custom_role+0012@glcptest.com,mspuser_custom_role+0012@glcptest.com,mspuser_custom_role+0012@glcptest.com,onrepmccs123
mspuser_custom_role+0013@glcptest.com,mspuser_custom_role+0013@glcptest.com,mspuser_custom_role+0013@glcptest.com,mspuser_custom_role+0013@glcptest.com,onrepmccs123
mspuser_custom_role+0014@glcptest.com,mspuser_custom_role+0014@glcptest.com,mspuser_custom_role+0014@glcptest.com,mspuser_custom_role+0014@glcptest.com,onrepmccs123
mspuser_custom_role+0015@glcptest.com,mspuser_custom_role+0015@glcptest.com,mspuser_custom_role+0015@glcptest.com,mspuser_custom_role+0015@glcptest.com,onrepmccs123
mspuser_custom_role+0016@glcptest.com,mspuser_custom_role+0016@glcptest.com,mspuser_custom_role+0016@glcptest.com,mspuser_custom_role+0016@glcptest.com,onrepmccs123
mspuser_custom_role+0017@glcptest.com,mspuser_custom_role+0017@glcptest.com,mspuser_custom_role+0017@glcptest.com,mspuser_custom_role+0017@glcptest.com,onrepmccs123
mspuser_custom_role+0018@glcptest.com,mspuser_custom_role+0018@glcptest.com,mspuser_custom_role+0018@glcptest.com,mspuser_custom_role+0018@glcptest.com,onrepmccs123
mspuser_custom_role+0019@glcptest.com,mspuser_custom_role+0019@glcptest.com,mspuser_custom_role+0019@glcptest.com,mspuser_custom_role+0019@glcptest.com,onrepmccs123
mspuser_custom_role+0020@glcptest.com,mspuser_custom_role+0020@glcptest.com,mspuser_custom_role+0020@glcptest.com,mspuser_custom_role+0020@glcptest.com,onrepmccs123
mspuser_custom_role+0021@glcptest.com,mspuser_custom_role+0021@glcptest.com,mspuser_custom_role+0021@glcptest.com,mspuser_custom_role+0021@glcptest.com,onrepmccs123
mspuser_custom_role+0022@glcptest.com,mspuser_custom_role+0022@glcptest.com,mspuser_custom_role+0022@glcptest.com,mspuser_custom_role+0022@glcptest.com,onrepmccs123
mspuser_custom_role+0023@glcptest.com,mspuser_custom_role+0023@glcptest.com,mspuser_custom_role+0023@glcptest.com,mspuser_custom_role+0023@glcptest.com,onrepmccs123
mspuser_custom_role+0024@glcptest.com,mspuser_custom_role+0024@glcptest.com,mspuser_custom_role+0024@glcptest.com,mspuser_custom_role+0024@glcptest.com,onrepmccs123
mspuser_custom_role+0025@glcptest.com,mspuser_custom_role+0025@glcptest.com,mspuser_custom_role+0025@glcptest.com,mspuser_custom_role+0025@glcptest.com,onrepmccs123
mspuser_create_invite+0001@glcptest.com,mspuser_create_invite+0001@glcptest.com,mspuser_create_invite+0001@glcptest.com,mspuser_create_invite+0001@glcptest.com,onrepmccs123
mspuser_create_invite+0002@glcptest.com,mspuser_create_invite+0002@glcptest.com,mspuser_create_invite+0002@glcptest.com,mspuser_create_invite+0002@glcptest.com,onrepmccs123
mspuser_create_invite+0003@glcptest.com,mspuser_create_invite+0003@glcptest.com,mspuser_create_invite+0003@glcptest.com,mspuser_create_invite+0003@glcptest.com,onrepmccs123
mspuser_create_invite+0004@glcptest.com,mspuser_create_invite+0004@glcptest.com,mspuser_create_invite+0004@glcptest.com,mspuser_create_invite+0004@glcptest.com,onrepmccs123
mspuser_create_invite+0005@glcptest.com,mspuser_create_invite+0005@glcptest.com,mspuser_create_invite+0005@glcptest.com,mspuser_create_invite+0005@glcptest.com,onrepmccs123
mspuser_create_invite+0006@glcptest.com,mspuser_create_invite+0006@glcptest.com,mspuser_create_invite+0006@glcptest.com,mspuser_create_invite+0006@glcptest.com,onrepmccs123
mspuser_create_invite+0007@glcptest.com,mspuser_create_invite+0007@glcptest.com,mspuser_create_invite+0007@glcptest.com,mspuser_create_invite+0007@glcptest.com,onrepmccs123
mspuser_create_invite+0008@glcptest.com,mspuser_create_invite+0008@glcptest.com,mspuser_create_invite+0008@glcptest.com,mspuser_create_invite+0008@glcptest.com,onrepmccs123
mspuser_create_invite+0009@glcptest.com,mspuser_create_invite+0009@glcptest.com,mspuser_create_invite+0009@glcptest.com,mspuser_create_invite+0009@glcptest.com,onrepmccs123
mspuser_create_invite+0010@glcptest.com,mspuser_create_invite+0010@glcptest.com,mspuser_create_invite+0010@glcptest.com,mspuser_create_invite+0010@glcptest.com,onrepmccs123
mspuser_create_invite+0011@glcptest.com,mspuser_create_invite+0011@glcptest.com,mspuser_create_invite+0011@glcptest.com,mspuser_create_invite+0011@glcptest.com,onrepmccs123
mspuser_create_invite+0012@glcptest.com,mspuser_create_invite+0012@glcptest.com,mspuser_create_invite+0012@glcptest.com,mspuser_create_invite+0012@glcptest.com,onrepmccs123
mspuser_create_invite+0013@glcptest.com,mspuser_create_invite+0013@glcptest.com,mspuser_create_invite+0013@glcptest.com,mspuser_create_invite+0013@glcptest.com,onrepmccs123
mspuser_create_invite+0014@glcptest.com,mspuser_create_invite+0014@glcptest.com,mspuser_create_invite+0014@glcptest.com,mspuser_create_invite+0014@glcptest.com,onrepmccs123
mspuser_create_invite+0015@glcptest.com,mspuser_create_invite+0015@glcptest.com,mspuser_create_invite+0015@glcptest.com,mspuser_create_invite+0015@glcptest.com,onrepmccs123
mspuser_create_invite+0016@glcptest.com,mspuser_create_invite+0016@glcptest.com,mspuser_create_invite+0016@glcptest.com,mspuser_create_invite+0016@glcptest.com,onrepmccs123
mspuser_create_invite+0017@glcptest.com,mspuser_create_invite+0017@glcptest.com,mspuser_create_invite+0017@glcptest.com,mspuser_create_invite+0017@glcptest.com,onrepmccs123
mspuser_create_invite+0018@glcptest.com,mspuser_create_invite+0018@glcptest.com,mspuser_create_invite+0018@glcptest.com,mspuser_create_invite+0018@glcptest.com,onrepmccs123
mspuser_create_invite+0019@glcptest.com,mspuser_create_invite+0019@glcptest.com,mspuser_create_invite+0019@glcptest.com,mspuser_create_invite+0019@glcptest.com,onrepmccs123
mspuser_create_invite+0020@glcptest.com,mspuser_create_invite+0020@glcptest.com,mspuser_create_invite+0020@glcptest.com,mspuser_create_invite+0020@glcptest.com,onrepmccs123
mspuser_create_invite+0021@glcptest.com,mspuser_create_invite+0021@glcptest.com,mspuser_create_invite+0021@glcptest.com,mspuser_create_invite+0021@glcptest.com,onrepmccs123
mspuser_create_invite+0022@glcptest.com,mspuser_create_invite+0022@glcptest.com,mspuser_create_invite+0022@glcptest.com,mspuser_create_invite+0022@glcptest.com,onrepmccs123
mspuser_create_invite+0023@glcptest.com,mspuser_create_invite+0023@glcptest.com,mspuser_create_invite+0023@glcptest.com,mspuser_create_invite+0023@glcptest.com,onrepmccs123
mspuser_create_invite+0024@glcptest.com,mspuser_create_invite+0024@glcptest.com,mspuser_create_invite+0024@glcptest.com,mspuser_create_invite+0024@glcptest.com,onrepmccs123
mspuser_create_invite+0025@glcptest.com,mspuser_create_invite+0025@glcptest.com,mspuser_create_invite+0025@glcptest.com,mspuser_create_invite+0025@glcptest.com,onrepmccs123
mspuser_create_ws+0001@glcptest.com,mspuser_create_ws+0001@glcptest.com,mspuser_create_ws+0001@glcptest.com,mspuser_create_ws+0001@glcptest.com,onrepmccs123
mspuser_create_ws+0002@glcptest.com,mspuser_create_ws+0002@glcptest.com,mspuser_create_ws+0002@glcptest.com,mspuser_create_ws+0002@glcptest.com,onrepmccs123
mspuser_create_ws+0003@glcptest.com,mspuser_create_ws+0003@glcptest.com,mspuser_create_ws+0003@glcptest.com,mspuser_create_ws+0003@glcptest.com,onrepmccs123
mspuser_create_ws+0004@glcptest.com,mspuser_create_ws+0004@glcptest.com,mspuser_create_ws+0004@glcptest.com,mspuser_create_ws+0004@glcptest.com,onrepmccs123
mspuser_create_ws+0005@glcptest.com,mspuser_create_ws+0005@glcptest.com,mspuser_create_ws+0005@glcptest.com,mspuser_create_ws+0005@glcptest.com,onrepmccs123
mspuser_create_ws+0006@glcptest.com,mspuser_create_ws+0006@glcptest.com,mspuser_create_ws+0006@glcptest.com,mspuser_create_ws+0006@glcptest.com,onrepmccs123
mspuser_create_ws+0007@glcptest.com,mspuser_create_ws+0007@glcptest.com,mspuser_create_ws+0007@glcptest.com,mspuser_create_ws+0007@glcptest.com,onrepmccs123
mspuser_create_ws+0008@glcptest.com,mspuser_create_ws+0008@glcptest.com,mspuser_create_ws+0008@glcptest.com,mspuser_create_ws+0008@glcptest.com,onrepmccs123
mspuser_create_ws+0009@glcptest.com,mspuser_create_ws+0009@glcptest.com,mspuser_create_ws+0009@glcptest.com,mspuser_create_ws+0009@glcptest.com,onrepmccs123
mspuser_create_ws+0010@glcptest.com,mspuser_create_ws+0010@glcptest.com,mspuser_create_ws+0010@glcptest.com,mspuser_create_ws+0010@glcptest.com,onrepmccs123
mspuser_create_ws+0011@glcptest.com,mspuser_create_ws+0011@glcptest.com,mspuser_create_ws+0011@glcptest.com,mspuser_create_ws+0011@glcptest.com,onrepmccs123
mspuser_create_ws+0012@glcptest.com,mspuser_create_ws+0012@glcptest.com,mspuser_create_ws+0012@glcptest.com,mspuser_create_ws+0012@glcptest.com,onrepmccs123
mspuser_create_ws+0013@glcptest.com,mspuser_create_ws+0013@glcptest.com,mspuser_create_ws+0013@glcptest.com,mspuser_create_ws+0013@glcptest.com,onrepmccs123
mspuser_create_ws+0014@glcptest.com,mspuser_create_ws+0014@glcptest.com,mspuser_create_ws+0014@glcptest.com,mspuser_create_ws+0014@glcptest.com,onrepmccs123
mspuser_create_ws+0015@glcptest.com,mspuser_create_ws+0015@glcptest.com,mspuser_create_ws+0015@glcptest.com,mspuser_create_ws+0015@glcptest.com,onrepmccs123
mspuser_create_ws+0016@glcptest.com,mspuser_create_ws+0016@glcptest.com,mspuser_create_ws+0016@glcptest.com,mspuser_create_ws+0016@glcptest.com,onrepmccs123
mspuser_create_ws+0017@glcptest.com,mspuser_create_ws+0017@glcptest.com,mspuser_create_ws+0017@glcptest.com,mspuser_create_ws+0017@glcptest.com,onrepmccs123
mspuser_create_ws+0018@glcptest.com,mspuser_create_ws+0018@glcptest.com,mspuser_create_ws+0018@glcptest.com,mspuser_create_ws+0018@glcptest.com,onrepmccs123
mspuser_create_ws+0019@glcptest.com,mspuser_create_ws+0019@glcptest.com,mspuser_create_ws+0019@glcptest.com,mspuser_create_ws+0019@glcptest.com,onrepmccs123
mspuser_create_ws+0020@glcptest.com,mspuser_create_ws+0020@glcptest.com,mspuser_create_ws+0020@glcptest.com,mspuser_create_ws+0020@glcptest.com,onrepmccs123
mspuser_create_ws+0021@glcptest.com,mspuser_create_ws+0021@glcptest.com,mspuser_create_ws+0021@glcptest.com,mspuser_create_ws+0021@glcptest.com,onrepmccs123
mspuser_create_ws+0022@glcptest.com,mspuser_create_ws+0022@glcptest.com,mspuser_create_ws+0022@glcptest.com,mspuser_create_ws+0022@glcptest.com,onrepmccs123
mspuser_create_ws+0023@glcptest.com,mspuser_create_ws+0023@glcptest.com,mspuser_create_ws+0023@glcptest.com,mspuser_create_ws+0023@glcptest.com,onrepmccs123
mspuser_create_ws+0024@glcptest.com,mspuser_create_ws+0024@glcptest.com,mspuser_create_ws+0024@glcptest.com,mspuser_create_ws+0024@glcptest.com,onrepmccs123
mspuser_create_ws+0025@glcptest.com,mspuser_create_ws+0025@glcptest.com,mspuser_create_ws+0025@glcptest.com,mspuser_create_ws+0025@glcptest.com,onrepmccs123
mspuser_assign_role+0001@glcptest.com,mspuser_assign_role+0001@glcptest.com,mspuser_assign_role+0001@glcptest.com,mspuser_assign_role+0001@glcptest.com,onrepmccs123
mspuser_assign_role+0002@glcptest.com,mspuser_assign_role+0002@glcptest.com,mspuser_assign_role+0002@glcptest.com,mspuser_assign_role+0002@glcptest.com,onrepmccs123
mspuser_assign_role+0003@glcptest.com,mspuser_assign_role+0003@glcptest.com,mspuser_assign_role+0003@glcptest.com,mspuser_assign_role+0003@glcptest.com,onrepmccs123
mspuser_assign_role+0004@glcptest.com,mspuser_assign_role+0004@glcptest.com,mspuser_assign_role+0004@glcptest.com,mspuser_assign_role+0004@glcptest.com,onrepmccs123
mspuser_assign_role+0005@glcptest.com,mspuser_assign_role+0005@glcptest.com,mspuser_assign_role+0005@glcptest.com,mspuser_assign_role+0005@glcptest.com,onrepmccs123
mspuser_assign_role+0006@glcptest.com,mspuser_assign_role+0006@glcptest.com,mspuser_assign_role+0006@glcptest.com,mspuser_assign_role+0006@glcptest.com,onrepmccs123
mspuser_assign_role+0007@glcptest.com,mspuser_assign_role+0007@glcptest.com,mspuser_assign_role+0007@glcptest.com,mspuser_assign_role+0007@glcptest.com,onrepmccs123
mspuser_assign_role+0008@glcptest.com,mspuser_assign_role+0008@glcptest.com,mspuser_assign_role+0008@glcptest.com,mspuser_assign_role+0008@glcptest.com,onrepmccs123
mspuser_assign_role+0009@glcptest.com,mspuser_assign_role+0009@glcptest.com,mspuser_assign_role+0009@glcptest.com,mspuser_assign_role+0009@glcptest.com,onrepmccs123
mspuser_assign_role+0010@glcptest.com,mspuser_assign_role+0010@glcptest.com,mspuser_assign_role+0010@glcptest.com,mspuser_assign_role+0010@glcptest.com,onrepmccs123
mspuser_assign_role+0011@glcptest.com,mspuser_assign_role+0011@glcptest.com,mspuser_assign_role+0011@glcptest.com,mspuser_assign_role+0011@glcptest.com,onrepmccs123
mspuser_assign_role+0012@glcptest.com,mspuser_assign_role+0012@glcptest.com,mspuser_assign_role+0012@glcptest.com,mspuser_assign_role+0012@glcptest.com,onrepmccs123
mspuser_assign_role+0013@glcptest.com,mspuser_assign_role+0013@glcptest.com,mspuser_assign_role+0013@glcptest.com,mspuser_assign_role+0013@glcptest.com,onrepmccs123
mspuser_assign_role+0014@glcptest.com,mspuser_assign_role+0014@glcptest.com,mspuser_assign_role+0014@glcptest.com,mspuser_assign_role+0014@glcptest.com,onrepmccs123
mspuser_assign_role+0015@glcptest.com,mspuser_assign_role+0015@glcptest.com,mspuser_assign_role+0015@glcptest.com,mspuser_assign_role+0015@glcptest.com,onrepmccs123
mspuser_assign_role+0016@glcptest.com,mspuser_assign_role+0016@glcptest.com,mspuser_assign_role+0016@glcptest.com,mspuser_assign_role+0016@glcptest.com,onrepmccs123
mspuser_assign_role+0017@glcptest.com,mspuser_assign_role+0017@glcptest.com,mspuser_assign_role+0017@glcptest.com,mspuser_assign_role+0017@glcptest.com,onrepmccs123
mspuser_assign_role+0018@glcptest.com,mspuser_assign_role+0018@glcptest.com,mspuser_assign_role+0018@glcptest.com,mspuser_assign_role+0018@glcptest.com,onrepmccs123
mspuser_assign_role+0019@glcptest.com,mspuser_assign_role+0019@glcptest.com,mspuser_assign_role+0019@glcptest.com,mspuser_assign_role+0019@glcptest.com,onrepmccs123
mspuser_assign_role+0020@glcptest.com,mspuser_assign_role+0020@glcptest.com,mspuser_assign_role+0020@glcptest.com,mspuser_assign_role+0020@glcptest.com,onrepmccs123
mspuser_assign_role+0021@glcptest.com,mspuser_assign_role+0021@glcptest.com,mspuser_assign_role+0021@glcptest.com,mspuser_assign_role+0021@glcptest.com,onrepmccs123
mspuser_assign_role+0022@glcptest.com,mspuser_assign_role+0022@glcptest.com,mspuser_assign_role+0022@glcptest.com,mspuser_assign_role+0022@glcptest.com,onrepmccs123
mspuser_assign_role+0023@glcptest.com,mspuser_assign_role+0023@glcptest.com,mspuser_assign_role+0023@glcptest.com,mspuser_assign_role+0023@glcptest.com,onrepmccs123
mspuser_assign_role+0024@glcptest.com,mspuser_assign_role+0024@glcptest.com,mspuser_assign_role+0024@glcptest.com,mspuser_assign_role+0024@glcptest.com,onrepmccs123
mspuser_assign_role+0025@glcptest.com,mspuser_assign_role+0025@glcptest.com,mspuser_assign_role+0025@glcptest.com,mspuser_assign_role+0025@glcptest.com,onrepmccs123
tenantwsuser+0001@glcptest.com,tenantwsuser+0001@glcptest.com,tenantwsuser+0001@glcptest.com,tenantwsuser+0001@glcptest.com,onrepmccs123
tenantwsuser+0002@glcptest.com,tenantwsuser+0002@glcptest.com,tenantwsuser+0002@glcptest.com,tenantwsuser+0002@glcptest.com,onrepmccs123
tenantwsuser+0003@glcptest.com,tenantwsuser+0003@glcptest.com,tenantwsuser+0003@glcptest.com,tenantwsuser+0003@glcptest.com,onrepmccs123
tenantwsuser+0004@glcptest.com,tenantwsuser+0004@glcptest.com,tenantwsuser+0004@glcptest.com,tenantwsuser+0004@glcptest.com,onrepmccs123
tenantwsuser+0005@glcptest.com,tenantwsuser+0005@glcptest.com,tenantwsuser+0005@glcptest.com,tenantwsuser+0005@glcptest.com,onrepmccs123
tenantwsuser+0006@glcptest.com,tenantwsuser+0006@glcptest.com,tenantwsuser+0006@glcptest.com,tenantwsuser+0006@glcptest.com,onrepmccs123
tenantwsuser+0007@glcptest.com,tenantwsuser+0007@glcptest.com,tenantwsuser+0007@glcptest.com,tenantwsuser+0007@glcptest.com,onrepmccs123
tenantwsuser+0008@glcptest.com,tenantwsuser+0008@glcptest.com,tenantwsuser+0008@glcptest.com,tenantwsuser+0008@glcptest.com,onrepmccs123
tenantwsuser+0009@glcptest.com,tenantwsuser+0009@glcptest.com,tenantwsuser+0009@glcptest.com,tenantwsuser+0009@glcptest.com,onrepmccs123
tenantwsuser+0010@glcptest.com,tenantwsuser+0010@glcptest.com,tenantwsuser+0010@glcptest.com,tenantwsuser+0010@glcptest.com,onrepmccs123
tenantwsuser+0011@glcptest.com,tenantwsuser+0011@glcptest.com,tenantwsuser+0011@glcptest.com,tenantwsuser+0011@glcptest.com,onrepmccs123
tenantwsuser+0012@glcptest.com,tenantwsuser+0012@glcptest.com,tenantwsuser+0012@glcptest.com,tenantwsuser+0012@glcptest.com,onrepmccs123
tenantwsuser+0013@glcptest.com,tenantwsuser+0013@glcptest.com,tenantwsuser+0013@glcptest.com,tenantwsuser+0013@glcptest.com,onrepmccs123
tenantwsuser+0014@glcptest.com,tenantwsuser+0014@glcptest.com,tenantwsuser+0014@glcptest.com,tenantwsuser+0014@glcptest.com,onrepmccs123
tenantwsuser+0015@glcptest.com,tenantwsuser+0015@glcptest.com,tenantwsuser+0015@glcptest.com,tenantwsuser+0015@glcptest.com,onrepmccs123
tenantwsuser+0016@glcptest.com,tenantwsuser+0016@glcptest.com,tenantwsuser+0016@glcptest.com,tenantwsuser+0016@glcptest.com,onrepmccs123
tenantwsuser+0017@glcptest.com,tenantwsuser+0017@glcptest.com,tenantwsuser+0017@glcptest.com,tenantwsuser+0017@glcptest.com,onrepmccs123
tenantwsuser+0018@glcptest.com,tenantwsuser+0018@glcptest.com,tenantwsuser+0018@glcptest.com,tenantwsuser+0018@glcptest.com,onrepmccs123
tenantwsuser+0019@glcptest.com,tenantwsuser+0019@glcptest.com,tenantwsuser+0019@glcptest.com,tenantwsuser+0019@glcptest.com,onrepmccs123
tenantwsuser+0020@glcptest.com,tenantwsuser+0020@glcptest.com,tenantwsuser+0020@glcptest.com,tenantwsuser+0020@glcptest.com,onrepmccs123
tenantwsuser+0021@glcptest.com,tenantwsuser+0021@glcptest.com,tenantwsuser+0021@glcptest.com,tenantwsuser+0021@glcptest.com,onrepmccs123
tenantwsuser+0022@glcptest.com,tenantwsuser+0022@glcptest.com,tenantwsuser+0022@glcptest.com,tenantwsuser+0022@glcptest.com,onrepmccs123
tenantwsuser+0023@glcptest.com,tenantwsuser+0023@glcptest.com,tenantwsuser+0023@glcptest.com,tenantwsuser+0023@glcptest.com,onrepmccs123
tenantwsuser+0024@glcptest.com,tenantwsuser+0024@glcptest.com,tenantwsuser+0024@glcptest.com,tenantwsuser+0024@glcptest.com,onrepmccs123
tenantwsuser+0025@glcptest.com,tenantwsuser+0025@glcptest.com,tenantwsuser+0025@glcptest.com,tenantwsuser+0025@glcptest.com,onrepmccs123
pce_launch_user+0001@glcptest.com,pce_launch_user+0001@glcptest.com,pce_launch_user+0001@glcptest.com,pce_launch_user+0001@glcptest.com,onrepmccs123
pce_launch_user+0002@glcptest.com,pce_launch_user+0002@glcptest.com,pce_launch_user+0002@glcptest.com,pce_launch_user+0002@glcptest.com,onrepmccs123
pce_launch_user+0003@glcptest.com,pce_launch_user+0003@glcptest.com,pce_launch_user+0003@glcptest.com,pce_launch_user+0003@glcptest.com,onrepmccs123
pce_launch_user+0004@glcptest.com,pce_launch_user+0004@glcptest.com,pce_launch_user+0004@glcptest.com,pce_launch_user+0004@glcptest.com,onrepmccs123
pce_launch_user+0005@glcptest.com,pce_launch_user+0005@glcptest.com,pce_launch_user+0005@glcptest.com,pce_launch_user+0005@glcptest.com,onrepmccs123
pce_launch_user+0006@glcptest.com,pce_launch_user+0006@glcptest.com,pce_launch_user+0006@glcptest.com,pce_launch_user+0006@glcptest.com,onrepmccs123
pce_launch_user+0007@glcptest.com,pce_launch_user+0007@glcptest.com,pce_launch_user+0007@glcptest.com,pce_launch_user+0007@glcptest.com,onrepmccs123
pce_launch_user+0008@glcptest.com,pce_launch_user+0008@glcptest.com,pce_launch_user+0008@glcptest.com,pce_launch_user+0008@glcptest.com,onrepmccs123
pce_launch_user+0009@glcptest.com,pce_launch_user+0009@glcptest.com,pce_launch_user+0009@glcptest.com,pce_launch_user+0009@glcptest.com,onrepmccs123
pce_launch_user+0010@glcptest.com,pce_launch_user+0010@glcptest.com,pce_launch_user+0010@glcptest.com,pce_launch_user+0010@glcptest.com,onrepmccs123
pce_launch_user+0011@glcptest.com,pce_launch_user+0011@glcptest.com,pce_launch_user+0011@glcptest.com,pce_launch_user+0011@glcptest.com,onrepmccs123
pce_launch_user+0012@glcptest.com,pce_launch_user+0012@glcptest.com,pce_launch_user+0012@glcptest.com,pce_launch_user+0012@glcptest.com,onrepmccs123
pce_launch_user+0013@glcptest.com,pce_launch_user+0013@glcptest.com,pce_launch_user+0013@glcptest.com,pce_launch_user+0013@glcptest.com,onrepmccs123
pce_launch_user+0014@glcptest.com,pce_launch_user+0014@glcptest.com,pce_launch_user+0014@glcptest.com,pce_launch_user+0014@glcptest.com,onrepmccs123
pce_launch_user+0015@glcptest.com,pce_launch_user+0015@glcptest.com,pce_launch_user+0015@glcptest.com,pce_launch_user+0015@glcptest.com,onrepmccs123
pce_launch_user+0016@glcptest.com,pce_launch_user+0016@glcptest.com,pce_launch_user+0016@glcptest.com,pce_launch_user+0016@glcptest.com,onrepmccs123
pce_launch_user+0017@glcptest.com,pce_launch_user+0017@glcptest.com,pce_launch_user+0017@glcptest.com,pce_launch_user+0017@glcptest.com,onrepmccs123
pce_launch_user+0018@glcptest.com,pce_launch_user+0018@glcptest.com,pce_launch_user+0018@glcptest.com,pce_launch_user+0018@glcptest.com,onrepmccs123
pce_launch_user+0019@glcptest.com,pce_launch_user+0019@glcptest.com,pce_launch_user+0019@glcptest.com,pce_launch_user+0019@glcptest.com,onrepmccs123
pce_launch_user+0020@glcptest.com,pce_launch_user+0020@glcptest.com,pce_launch_user+0020@glcptest.com,pce_launch_user+0020@glcptest.com,onrepmccs123
pce_launch_user+0021@glcptest.com,pce_launch_user+0021@glcptest.com,pce_launch_user+0021@glcptest.com,pce_launch_user+0021@glcptest.com,onrepmccs123
pce_launch_user+0022@glcptest.com,pce_launch_user+0022@glcptest.com,pce_launch_user+0022@glcptest.com,pce_launch_user+0022@glcptest.com,onrepmccs123
pce_launch_user+0023@glcptest.com,pce_launch_user+0023@glcptest.com,pce_launch_user+0023@glcptest.com,pce_launch_user+0023@glcptest.com,onrepmccs123
pce_launch_user+0024@glcptest.com,pce_launch_user+0024@glcptest.com,pce_launch_user+0024@glcptest.com,pce_launch_user+0024@glcptest.com,onrepmccs123
pce_launch_user+0025@glcptest.com,pce_launch_user+0025@glcptest.com,pce_launch_user+0025@glcptest.com,pce_launch_user+0025@glcptest.com,onrepmccs123
mspuser_assign_role+1@glcptest.com,mspuser_assign_role+1@glcptest.com,mspuser_assign_role+1@glcptest.com,mspuser_assign_role+1@glcptest.com,onrepmccs123
msp_auditcheck+0001@glcptest.com,msp_auditcheck+0001@glcptest.com,msp_auditcheck+0001@glcptest.com,msp_auditcheck+0001@glcptest.com,onrepmccs123
mspuser_create_invite+0001@glcptest.com,mspuser_create_invite+0001@glcptest.com,mspuser_create_invite+0001@glcptest.com,mspuser_create_invite+0001@glcptest.com,onrepmccs123
mspinvite_user+0001@glcptest.com,mspinvite_user+0001@glcptest.com,mspinvite_user+0001@glcptest.com,mspinvite_user+0001@glcptest.com,onrepmccs123
mspuser_custom_role+0001@glcptest.com,mspuser_custom_role+0001@glcptest.com,mspuser_custom_role+0001@glcptest.com,mspuser_custom_role+0001@glcptest.com,onrepmccs123
msp_auditcheck+1@glcptest.com,msp_auditcheck+1@glcptest.com,msp_auditcheck+1@glcptest.com,msp_auditcheck+1@glcptest.com,onrepmccs123
msp_create_ws+1@glcptest.com,msp_create_ws+1@glcptest.com,msp_create_ws+1@glcptest.com,msp_create_ws+1@glcptest.com,onrepmccs123
testuser_sanitycheck+0001@glcptest.com,testuser_sanitycheck+0001@glcptest.com,testuser_sanitycheck+0001@glcptest.com,testuser_sanitycheck+0001@glcptest.com,onrepmccs123
testuser_sanitycheck+0002@glcptest.com,testuser_sanitycheck+0002@glcptest.com,testuser_sanitycheck+0002@glcptest.com,testuser_sanitycheck+0002@glcptest.com,onrepmccs123
testuser_sanitycheck+0003@glcptest.com,testuser_sanitycheck+0003@glcptest.com,testuser_sanitycheck+0003@glcptest.com,testuser_sanitycheck+0003@glcptest.com,onrepmccs123
testuser_sanitycheck+0004@glcptest.com,testuser_sanitycheck+0004@glcptest.com,testuser_sanitycheck+0004@glcptest.com,testuser_sanitycheck+0004@glcptest.com,onrepmccs123
testuser_sanitycheck+0005@glcptest.com,testuser_sanitycheck+0005@glcptest.com,testuser_sanitycheck+0005@glcptest.com,testuser_sanitycheck+0005@glcptest.com,onrepmccs123
testuser_sanitycheck+0006@glcptest.com,testuser_sanitycheck+0006@glcptest.com,testuser_sanitycheck+0006@glcptest.com,testuser_sanitycheck+0006@glcptest.com,onrepmccs123
testuser_sanitycheck+0007@glcptest.com,testuser_sanitycheck+0007@glcptest.com,testuser_sanitycheck+0007@glcptest.com,testuser_sanitycheck+0007@glcptest.com,onrepmccs123
testuser_sanitycheck+0008@glcptest.com,testuser_sanitycheck+0008@glcptest.com,testuser_sanitycheck+0008@glcptest.com,testuser_sanitycheck+0008@glcptest.com,onrepmccs123
testuser_sanitycheck+0009@glcptest.com,testuser_sanitycheck+0009@glcptest.com,testuser_sanitycheck+0009@glcptest.com,testuser_sanitycheck+0009@glcptest.com,onrepmccs123
testuser_sanitycheck+0010@glcptest.com,testuser_sanitycheck+0010@glcptest.com,testuser_sanitycheck+0010@glcptest.com,testuser_sanitycheck+0010@glcptest.com,onrepmccs123
testuser_sanitycheck+0011@glcptest.com,testuser_sanitycheck+0011@glcptest.com,testuser_sanitycheck+0011@glcptest.com,testuser_sanitycheck+0011@glcptest.com,onrepmccs123
testuser_sanitycheck+0012@glcptest.com,testuser_sanitycheck+0012@glcptest.com,testuser_sanitycheck+0012@glcptest.com,testuser_sanitycheck+0012@glcptest.com,onrepmccs123
testuser_sanitycheck+0013@glcptest.com,testuser_sanitycheck+0013@glcptest.com,testuser_sanitycheck+0013@glcptest.com,testuser_sanitycheck+0013@glcptest.com,onrepmccs123
testuser_sanitycheck+0014@glcptest.com,testuser_sanitycheck+0014@glcptest.com,testuser_sanitycheck+0014@glcptest.com,testuser_sanitycheck+0014@glcptest.com,onrepmccs123
testuser_sanitycheck+0015@glcptest.com,testuser_sanitycheck+0015@glcptest.com,testuser_sanitycheck+0015@glcptest.com,testuser_sanitycheck+0015@glcptest.com,onrepmccs123
testuser_sanitycheck+0016@glcptest.com,testuser_sanitycheck+0016@glcptest.com,testuser_sanitycheck+0016@glcptest.com,testuser_sanitycheck+0016@glcptest.com,onrepmccs123
testuser_sanitycheck+0017@glcptest.com,testuser_sanitycheck+0017@glcptest.com,testuser_sanitycheck+0017@glcptest.com,testuser_sanitycheck+0017@glcptest.com,onrepmccs123
testuser_sanitycheck+0018@glcptest.com,testuser_sanitycheck+0018@glcptest.com,testuser_sanitycheck+0018@glcptest.com,testuser_sanitycheck+0018@glcptest.com,onrepmccs123
testuser_sanitycheck+0019@glcptest.com,testuser_sanitycheck+0019@glcptest.com,testuser_sanitycheck+0019@glcptest.com,testuser_sanitycheck+0019@glcptest.com,onrepmccs123
testuser_sanitycheck+0020@glcptest.com,testuser_sanitycheck+0020@glcptest.com,testuser_sanitycheck+0020@glcptest.com,testuser_sanitycheck+0020@glcptest.com,onrepmccs123
testuser_sanitycheck+0021@glcptest.com,testuser_sanitycheck+0021@glcptest.com,testuser_sanitycheck+0021@glcptest.com,testuser_sanitycheck+0021@glcptest.com,onrepmccs123
testuser_sanitycheck+0022@glcptest.com,testuser_sanitycheck+0022@glcptest.com,testuser_sanitycheck+0022@glcptest.com,testuser_sanitycheck+0022@glcptest.com,onrepmccs123
testuser_sanitycheck+0023@glcptest.com,testuser_sanitycheck+0023@glcptest.com,testuser_sanitycheck+0023@glcptest.com,testuser_sanitycheck+0023@glcptest.com,onrepmccs123
testuser_sanitycheck+0024@glcptest.com,testuser_sanitycheck+0024@glcptest.com,testuser_sanitycheck+0024@glcptest.com,testuser_sanitycheck+0024@glcptest.com,onrepmccs123
testuser_sanitycheck+0025@glcptest.com,testuser_sanitycheck+0025@glcptest.com,testuser_sanitycheck+0025@glcptest.com,testuser_sanitycheck+0025@glcptest.com,onrepmccs123
sampleuser+0001@glcptest.com,sampleuser+0001@glcptest.com,sampleuser+0001@glcptest.com,sampleuser+0001@glcptest.com,onrepmccs123
sampleuser+0002@glcptest.com,sampleuser+0002@glcptest.com,sampleuser+0002@glcptest.com,sampleuser+0002@glcptest.com,onrepmccs123
sampleuser+0003@glcptest.com,sampleuser+0003@glcptest.com,sampleuser+0003@glcptest.com,sampleuser+0003@glcptest.com,onrepmccs123
sampleuser+0004@glcptest.com,sampleuser+0004@glcptest.com,sampleuser+0004@glcptest.com,sampleuser+0004@glcptest.com,onrepmccs123
sampleuser+0005@glcptest.com,sampleuser+0005@glcptest.com,sampleuser+0005@glcptest.com,sampleuser+0005@glcptest.com,onrepmccs123
sampleuser+0006@glcptest.com,sampleuser+0006@glcptest.com,sampleuser+0006@glcptest.com,sampleuser+0006@glcptest.com,onrepmccs123
sampleuser+0007@glcptest.com,sampleuser+0007@glcptest.com,sampleuser+0007@glcptest.com,sampleuser+0007@glcptest.com,onrepmccs123
sampleuser+0008@glcptest.com,sampleuser+0008@glcptest.com,sampleuser+0008@glcptest.com,sampleuser+0008@glcptest.com,onrepmccs123
sampleuser+0009@glcptest.com,sampleuser+0009@glcptest.com,sampleuser+0009@glcptest.com,sampleuser+0009@glcptest.com,onrepmccs123
sampleuser+0010@glcptest.com,sampleuser+0010@glcptest.com,sampleuser+0010@glcptest.com,sampleuser+0010@glcptest.com,onrepmccs123
sampleuser+0011@glcptest.com,sampleuser+0011@glcptest.com,sampleuser+0011@glcptest.com,sampleuser+0011@glcptest.com,onrepmccs123
sampleuser+0012@glcptest.com,sampleuser+0012@glcptest.com,sampleuser+0012@glcptest.com,sampleuser+0012@glcptest.com,onrepmccs123
sampleuser+0013@glcptest.com,sampleuser+0013@glcptest.com,sampleuser+0013@glcptest.com,sampleuser+0013@glcptest.com,onrepmccs123
sampleuser+0014@glcptest.com,sampleuser+0014@glcptest.com,sampleuser+0014@glcptest.com,sampleuser+0014@glcptest.com,onrepmccs123
sampleuser+0015@glcptest.com,sampleuser+0015@glcptest.com,sampleuser+0015@glcptest.com,sampleuser+0015@glcptest.com,onrepmccs123
sampleuser+0016@glcptest.com,sampleuser+0016@glcptest.com,sampleuser+0016@glcptest.com,sampleuser+0016@glcptest.com,onrepmccs123
sampleuser+0017@glcptest.com,sampleuser+0017@glcptest.com,sampleuser+0017@glcptest.com,sampleuser+0017@glcptest.com,onrepmccs123
sampleuser+0018@glcptest.com,sampleuser+0018@glcptest.com,sampleuser+0018@glcptest.com,sampleuser+0018@glcptest.com,onrepmccs123
sampleuser+0019@glcptest.com,sampleuser+0019@glcptest.com,sampleuser+0019@glcptest.com,sampleuser+0019@glcptest.com,onrepmccs123
sampleuser+0020@glcptest.com,sampleuser+0020@glcptest.com,sampleuser+0020@glcptest.com,sampleuser+0020@glcptest.com,onrepmccs123
sampleuser+0021@glcptest.com,sampleuser+0021@glcptest.com,sampleuser+0021@glcptest.com,sampleuser+0021@glcptest.com,onrepmccs123
sampleuser+0022@glcptest.com,sampleuser+0022@glcptest.com,sampleuser+0022@glcptest.com,sampleuser+0022@glcptest.com,onrepmccs123
sampleuser_0023@glcptest.com,sampleuser_0023@glcptest.com,sampleuser_0023@glcptest.com,sampleuser_0023@glcptest.com,onrepmccs123
sampleuser+0024@glcptest.com,sampleuser+0024@glcptest.com,sampleuser+0024@glcptest.com,sampleuser+0024@glcptest.com,onrepmccs123
sampleuser+0025@glcptest.com,sampleuser+0025@glcptest.com,sampleuser+0025@glcptest.com,sampleuser+0025@glcptest.com,onrepmccs123
sampleuser+0026@glcptest.com,sampleuser+0026@glcptest.com,sampleuser+0026@glcptest.com,sampleuser+0026@glcptest.com,onrepmccs123
sampleuser+0027@glcptest.com,sampleuser+0027@glcptest.com,sampleuser+0027@glcptest.com,sampleuser+0027@glcptest.com,onrepmccs123
sampleuser+0028@glcptest.com,sampleuser+0028@glcptest.com,sampleuser+0028@glcptest.com,sampleuser+0028@glcptest.com,onrepmccs123
sampleuser+0029@glcptest.com,sampleuser+0029@glcptest.com,sampleuser+0029@glcptest.com,sampleuser+0029@glcptest.com,onrepmccs123
sampleuser+0030@glcptest.com,sampleuser+0030@glcptest.com,sampleuser+0030@glcptest.com,sampleuser+0030@glcptest.com,onrepmccs123
sampleuser+0031@glcptest.com,sampleuser+0031@glcptest.com,sampleuser+0031@glcptest.com,sampleuser+0031@glcptest.com,onrepmccs123
sampleuser+0032@glcptest.com,sampleuser+0032@glcptest.com,sampleuser+0032@glcptest.com,sampleuser+0032@glcptest.com,onrepmccs123
sampleuser+0033@glcptest.com,sampleuser+0033@glcptest.com,sampleuser+0033@glcptest.com,sampleuser+0033@glcptest.com,onrepmccs123
sampleuser+0034@glcptest.com,sampleuser+0034@glcptest.com,sampleuser+0034@glcptest.com,sampleuser+0034@glcptest.com,onrepmccs123
sampleuser+0035@glcptest.com,sampleuser+0035@glcptest.com,sampleuser+0035@glcptest.com,sampleuser+0035@glcptest.com,onrepmccs123
sampleuser+0036@glcptest.com,sampleuser+0036@glcptest.com,sampleuser+0036@glcptest.com,sampleuser+0036@glcptest.com,onrepmccs123
sampleuser+0037@glcptest.com,sampleuser+0037@glcptest.com,sampleuser+0037@glcptest.com,sampleuser+0037@glcptest.com,onrepmccs123
sampleuser+0038@glcptest.com,sampleuser+0038@glcptest.com,sampleuser+0038@glcptest.com,sampleuser+0038@glcptest.com,onrepmccs123
sampleuser+0039@glcptest.com,sampleuser+0039@glcptest.com,sampleuser+0039@glcptest.com,sampleuser+0039@glcptest.com,onrepmccs123
sampleuser+0040@glcptest.com,sampleuser+0040@glcptest.com,sampleuser+0040@glcptest.com,sampleuser+0040@glcptest.com,onrepmccs123
sampleuser+0041@glcptest.com,sampleuser+0041@glcptest.com,sampleuser+0041@glcptest.com,sampleuser+0041@glcptest.com,onrepmccs123
sampleuser+0042@glcptest.com,sampleuser+0042@glcptest.com,sampleuser+0042@glcptest.com,sampleuser+0042@glcptest.com,onrepmccs123
sampleuser+0043@glcptest.com,sampleuser+0043@glcptest.com,sampleuser+0043@glcptest.com,sampleuser+0043@glcptest.com,onrepmccs123
sampleuser+0044@glcptest.com,sampleuser+0044@glcptest.com,sampleuser+0044@glcptest.com,sampleuser+0044@glcptest.com,onrepmccs123
sampleuser+0045@glcptest.com,sampleuser+0045@glcptest.com,sampleuser+0045@glcptest.com,sampleuser+0045@glcptest.com,onrepmccs123
sampleuser+0046@glcptest.com,sampleuser+0046@glcptest.com,sampleuser+0046@glcptest.com,sampleuser+0046@glcptest.com,onrepmccs123
sampleuser+0047@glcptest.com,sampleuser+0047@glcptest.com,sampleuser+0047@glcptest.com,sampleuser+0047@glcptest.com,onrepmccs123
sampleuser+0048@glcptest.com,sampleuser+0048@glcptest.com,sampleuser+0048@glcptest.com,sampleuser+0048@glcptest.com,onrepmccs123
sampleuser+0049@glcptest.com,sampleuser+0049@glcptest.com,sampleuser+0049@glcptest.com,sampleuser+0049@glcptest.com,onrepmccs123
sampleuser+0050@glcptest.com,sampleuser+0050@glcptest.com,sampleuser+0050@glcptest.com,sampleuser+0050@glcptest.com,onrepmccs123
sampleuser+0051@glcptest.com,sampleuser+0051@glcptest.com,sampleuser+0051@glcptest.com,sampleuser+0051@glcptest.com,onrepmccs123
sampleuser+0052@glcptest.com,sampleuser+0052@glcptest.com,sampleuser+0052@glcptest.com,sampleuser+0052@glcptest.com,onrepmccs123
sampleuser+0053@glcptest.com,sampleuser+0053@glcptest.com,sampleuser+0053@glcptest.com,sampleuser+0053@glcptest.com,onrepmccs123
sampleuser+0054@glcptest.com,sampleuser+0054@glcptest.com,sampleuser+0054@glcptest.com,sampleuser+0054@glcptest.com,onrepmccs123
sampleuser+0055@glcptest.com,sampleuser+0055@glcptest.com,sampleuser+0055@glcptest.com,sampleuser+0055@glcptest.com,onrepmccs123
sampleuser+0056@glcptest.com,sampleuser+0056@glcptest.com,sampleuser+0056@glcptest.com,sampleuser+0056@glcptest.com,onrepmccs123
sampleuser+0057@glcptest.com,sampleuser+0057@glcptest.com,sampleuser+0057@glcptest.com,sampleuser+0057@glcptest.com,onrepmccs123
sampleuser+0058@glcptest.com,sampleuser+0058@glcptest.com,sampleuser+0058@glcptest.com,sampleuser+0058@glcptest.com,onrepmccs123
sampleuser+0059@glcptest.com,sampleuser+0059@glcptest.com,sampleuser+0059@glcptest.com,sampleuser+0059@glcptest.com,onrepmccs123
sampleuser+0060@glcptest.com,sampleuser+0060@glcptest.com,sampleuser+0060@glcptest.com,sampleuser+0060@glcptest.com,onrepmccs123
sampleuser+0061@glcptest.com,sampleuser+0061@glcptest.com,sampleuser+0061@glcptest.com,sampleuser+0061@glcptest.com,onrepmccs123
sampleuser+0062@glcptest.com,sampleuser+0062@glcptest.com,sampleuser+0062@glcptest.com,sampleuser+0062@glcptest.com,onrepmccs123
sampleuser+0063@glcptest.com,sampleuser+0063@glcptest.com,sampleuser+0063@glcptest.com,sampleuser+0063@glcptest.com,onrepmccs123
sampleuser+0064@glcptest.com,sampleuser+0064@glcptest.com,sampleuser+0064@glcptest.com,sampleuser+0064@glcptest.com,onrepmccs123
sampleuser+0065@glcptest.com,sampleuser+0065@glcptest.com,sampleuser+0065@glcptest.com,sampleuser+0065@glcptest.com,onrepmccs123
sampleuser+0066@glcptest.com,sampleuser+0066@glcptest.com,sampleuser+0066@glcptest.com,sampleuser+0066@glcptest.com,onrepmccs123
sampleuser+0067@glcptest.com,sampleuser+0067@glcptest.com,sampleuser+0067@glcptest.com,sampleuser+0067@glcptest.com,onrepmccs123
sampleuser+0068@glcptest.com,sampleuser+0068@glcptest.com,sampleuser+0068@glcptest.com,sampleuser+0068@glcptest.com,onrepmccs123
sampleuser+0069@glcptest.com,sampleuser+0069@glcptest.com,sampleuser+0069@glcptest.com,sampleuser+0069@glcptest.com,onrepmccs123
sampleuser+0070@glcptest.com,sampleuser+0070@glcptest.com,sampleuser+0070@glcptest.com,sampleuser+0070@glcptest.com,onrepmccs123
sampleuser+0071@glcptest.com,sampleuser+0071@glcptest.com,sampleuser+0071@glcptest.com,sampleuser+0071@glcptest.com,onrepmccs123
sampleuser+0072@glcptest.com,sampleuser+0072@glcptest.com,sampleuser+0072@glcptest.com,sampleuser+0072@glcptest.com,onrepmccs123
sampleuser+0073@glcptest.com,sampleuser+0073@glcptest.com,sampleuser+0073@glcptest.com,sampleuser+0073@glcptest.com,onrepmccs123
sampleuser+0074@glcptest.com,sampleuser+0074@glcptest.com,sampleuser+0074@glcptest.com,sampleuser+0074@glcptest.com,onrepmccs123
sampleuser+0075@glcptest.com,sampleuser+0075@glcptest.com,sampleuser+0075@glcptest.com,sampleuser+0075@glcptest.com,onrepmccs123
sampleuser+0076@glcptest.com,sampleuser+0076@glcptest.com,sampleuser+0076@glcptest.com,sampleuser+0076@glcptest.com,onrepmccs123
sampleuser+0077@glcptest.com,sampleuser+0077@glcptest.com,sampleuser+0077@glcptest.com,sampleuser+0077@glcptest.com,onrepmccs123
sampleuser+0078@glcptest.com,sampleuser+0078@glcptest.com,sampleuser+0078@glcptest.com,sampleuser+0078@glcptest.com,onrepmccs123
sampleuser+0079@glcptest.com,sampleuser+0079@glcptest.com,sampleuser+0079@glcptest.com,sampleuser+0079@glcptest.com,onrepmccs123
sampleuser+0080@glcptest.com,sampleuser+0080@glcptest.com,sampleuser+0080@glcptest.com,sampleuser+0080@glcptest.com,onrepmccs123
sampleuser_0081@glcptest.com,sampleuser_0081@glcptest.com,sampleuser_0081@glcptest.com,sampleuser_0081@glcptest.com,onrepmccs123
sampleuser_0082@glcptest.com,sampleuser_0082@glcptest.com,sampleuser_0082@glcptest.com,sampleuser_0082@glcptest.com,onrepmccs123
sampleuser_0083@glcptest.com,sampleuser_0083@glcptest.com,sampleuser_0083@glcptest.com,sampleuser_0083@glcptest.com,onrepmccs123
sampleuser_0084@glcptest.com,sampleuser_0084@glcptest.com,sampleuser_0084@glcptest.com,sampleuser_0084@glcptest.com,onrepmccs123
sampleuser_0085@glcptest.com,sampleuser_0085@glcptest.com,sampleuser_0085@glcptest.com,sampleuser_0085@glcptest.com,onrepmccs123
sampleuser_0086@glcptest.com,sampleuser_0086@glcptest.com,sampleuser_0086@glcptest.com,sampleuser_0086@glcptest.com,onrepmccs123
sampleuser_0087@glcptest.com,sampleuser_0087@glcptest.com,sampleuser_0087@glcptest.com,sampleuser_0087@glcptest.com,onrepmccs123
sampleuser_0088@glcptest.com,sampleuser_0088@glcptest.com,sampleuser_0088@glcptest.com,sampleuser_0088@glcptest.com,onrepmccs123
sampleuser_0089@glcptest.com,sampleuser_0089@glcptest.com,sampleuser_0089@glcptest.com,sampleuser_0089@glcptest.com,onrepmccs123
sampleuser_0090@glcptest.com,sampleuser_0090@glcptest.com,sampleuser_0090@glcptest.com,sampleuser_0090@glcptest.com,onrepmccs123
sampleuser_0091@glcptest.com,sampleuser_0091@glcptest.com,sampleuser_0091@glcptest.com,sampleuser_0091@glcptest.com,onrepmccs123
sampleuser_0092@glcptest.com,sampleuser_0092@glcptest.com,sampleuser_0092@glcptest.com,sampleuser_0092@glcptest.com,onrepmccs123
sampleuser_0093@glcptest.com,sampleuser_0093@glcptest.com,sampleuser_0093@glcptest.com,sampleuser_0093@glcptest.com,onrepmccs123
sampleuser_0094@glcptest.com,sampleuser_0094@glcptest.com,sampleuser_0094@glcptest.com,sampleuser_0094@glcptest.com,onrepmccs123
sampleuser_0095@glcptest.com,sampleuser_0095@glcptest.com,sampleuser_0095@glcptest.com,sampleuser_0095@glcptest.com,onrepmccs123
sampleuser_0096@glcptest.com,sampleuser_0096@glcptest.com,sampleuser_0096@glcptest.com,sampleuser_0096@glcptest.com,onrepmccs123
sampleuser_0097@glcptest.com,sampleuser_0097@glcptest.com,sampleuser_0097@glcptest.com,sampleuser_0097@glcptest.com,onrepmccs123
sampleuser_0098@glcptest.com,sampleuser_0098@glcptest.com,sampleuser_0098@glcptest.com,sampleuser_0098@glcptest.com,onrepmccs123
sampleuser_0099@glcptest.com,sampleuser_0099@glcptest.com,sampleuser_0099@glcptest.com,sampleuser_0099@glcptest.com,onrepmccs123
sampleuser_0100@glcptest.com,sampleuser_0100@glcptest.com,sampleuser_0100@glcptest.com,sampleuser_0100@glcptest.com,onrepmccs123
,,,,
,,,,
